player,player_id,season,team,pos,age,g,gs,mp_per_game,fg_per_game,fga_per_game,fg_percent,x3p_per_game,x3pa_per_game,x3p_percent,ft_per_game,fta_per_game,ft_percent,trb_per_game,ast_per_game,stl_per_game,blk_per_game,tov_per_game,pts_per_game,cluster
A.J. Lawson,lawsoaj01,2026,TOR,SG,25.0,24,0.0,9.4,1.4,3.3,0.436,0.8,1.9,0.422,0.6,0.8,0.778,1.8,0.3,0.5,0.2,0.3,4.2,0
AJ Johnson,johnsaj01,2026,2TM,SG,21.0,48,0.0,9.5,1.2,3.7,0.324,0.3,1.2,0.211,0.7,0.8,0.85,1.1,1.0,0.2,0.1,0.6,3.3,0
Aaron Holiday,holidaa01,2026,HOU,PG,29.0,57,1.0,13.7,1.8,4.4,0.417,1.2,3.0,0.394,0.6,0.7,0.854,1.0,1.1,0.5,0.1,0.7,5.5,0
Adou Thiero,thierad01,2026,LAL,SF,21.0,25,0.0,6.0,0.6,1.2,0.516,0.0,0.1,0.333,0.6,0.9,0.636,1.1,0.4,0.3,0.1,0.4,1.9,0
Alex Antetokounmpo,antetal01,2026,MIL,SF,24.0,6,0.0,3.5,0.5,1.3,0.375,0.3,1.2,0.286,1.8,2.5,0.733,1.0,0.2,0.0,0.2,0.2,3.2,0
Alex Morales,moralal01,2026,ORL,PG,28.0,4,0.0,6.0,0.8,1.8,0.429,0.0,0.3,0.0,0.5,0.5,1.0,0.8,1.0,0.0,0.0,1.0,2.0,0
Alijah Martin,martial01,2026,TOR,SG,24.0,23,0.0,6.3,0.7,2.2,0.32,0.2,0.9,0.19,0.7,0.8,0.789,0.9,0.5,0.3,0.2,0.3,2.2,0
Amari Williams,william01,2026,BOS,PF,24.0,22,2.0,6.6,0.5,0.9,0.5,0.0,0.0,,0.5,0.6,0.714,1.8,0.5,0.1,0.5,0.5,1.4,0
Amir Coffey,coffeam01,2026,2TM,SG,28.0,46,3.0,10.7,1.2,2.5,0.487,0.4,1.1,0.347,0.5,0.6,0.786,1.2,0.6,0.2,0.1,0.2,3.2,0
Andre Jackson Jr.,jacksan01,2026,MIL,SG,24.0,48,1.0,8.5,0.8,2.5,0.328,0.3,1.3,0.25,0.4,0.7,0.625,1.5,0.9,0.4,0.1,0.6,2.4,0
Anthony Gill,gillan01,2026,WAS,PF,33.0,55,8.0,17.3,2.5,3.9,0.628,0.3,0.9,0.354,0.6,0.8,0.739,2.9,1.3,0.6,0.4,0.7,5.8,0
Antonio Reeves,reevean01,2026,CHO,SG,25.0,10,0.0,6.8,1.0,2.0,0.5,0.7,1.3,0.538,0.0,0.0,,0.8,0.3,0.1,0.0,0.1,2.7,0
Ariel Hukporti,hukpoar01,2026,NYK,C,23.0,54,5.0,9.2,0.8,1.5,0.563,0.0,0.1,0.25,0.5,0.6,0.788,2.9,0.5,0.2,0.5,0.6,2.2,0
Asa Newell,newelas01,2026,ATL,PF,20.0,44,2.0,11.4,2.1,3.8,0.538,0.7,1.7,0.387,0.4,0.7,0.552,2.2,0.6,0.4,0.3,0.5,5.2,0
Baylor Scheierman,scheiba01,2026,BOS,SG,25.0,77,20.0,18.6,2.0,4.3,0.453,1.3,3.2,0.399,0.4,0.4,0.903,3.5,1.5,0.5,0.1,0.6,5.5,0
Bismack Biyombo,biyombi01,2026,SAS,C,33.0,25,1.0,5.6,0.4,0.6,0.6,0.0,0.0,,0.2,0.3,0.714,1.0,0.2,0.2,0.1,0.3,0.9,0
Blake Wesley,weslebl01,2026,POR,SG,22.0,31,0.0,11.6,1.8,4.0,0.452,0.3,1.2,0.278,0.8,1.5,0.553,1.3,2.0,0.5,0.2,1.0,4.8,0
Bobi Klintman,klintbo01,2026,DET,SF,22.0,12,0.0,5.9,0.8,2.3,0.333,0.3,1.1,0.308,0.0,0.3,0.0,1.6,0.5,0.3,0.0,0.5,1.8,0
Branden Carlson,carlsbr01,2026,OKC,C,26.0,42,4.0,11.6,2.3,4.4,0.527,0.7,2.0,0.36,0.4,0.6,0.577,3.0,0.7,0.2,0.6,0.4,5.8,0
Brandon Clarke,clarkbr01,2026,MEM,PF,29.0,2,2.0,10.0,1.5,4.5,0.333,0.0,0.0,,1.0,2.0,0.5,3.0,0.5,1.0,0.0,0.0,4.0,0
Bronny James,jamesbr02,2026,LAL,SG,21.0,42,1.0,8.9,1.1,2.7,0.409,0.5,1.4,0.386,0.1,0.2,0.857,0.5,1.2,0.5,0.1,0.6,2.9,0
Brooks Barnhizer,barnhbr01,2026,OKC,SG,23.0,40,0.0,8.7,0.7,1.8,0.38,0.2,0.6,0.292,0.2,0.3,0.7,2.0,0.6,0.3,0.1,0.3,1.7,0
Buddy Boeheim,boehebu01,2026,OKC,SF,26.0,4,0.0,3.8,0.5,1.5,0.333,0.5,1.5,0.333,0.0,0.0,,0.0,0.0,0.0,0.0,0.0,1.5,0
CJ Huntley,huntlcj01,2026,PHO,SF,24.0,4,0.0,10.0,1.5,2.8,0.545,0.0,0.8,0.0,0.0,0.0,,1.3,0.5,0.3,0.0,0.0,3.0,0
Caleb Houstan,houstca01,2026,ATL,SF,23.0,18,0.0,4.2,0.8,1.4,0.538,0.6,1.2,0.524,0.2,0.2,1.0,0.6,0.2,0.1,0.1,0.2,2.3,0
Caleb Martin,martica02,2026,DAL,SF,30.0,58,12.0,14.8,1.5,3.3,0.45,0.3,1.0,0.351,0.6,1.1,0.607,2.5,1.4,0.7,0.3,0.7,3.9,0
Cam Christie,chrisca02,2026,LAC,SG,20.0,55,0.0,8.7,1.0,2.5,0.381,0.2,0.9,0.245,0.7,0.9,0.76,1.4,0.6,0.3,0.1,0.4,2.8,0
Carter Bryant,bryanca01,2026,SAS,PF,20.0,71,0.0,11.5,1.5,3.7,0.408,0.7,2.2,0.335,0.4,0.6,0.714,2.5,0.7,0.2,0.3,0.5,4.2,0
Chaz Lanier,laniech01,2026,DET,SG,24.0,34,0.0,7.7,0.8,2.6,0.315,0.6,2.0,0.284,0.1,0.2,0.833,0.7,0.5,0.2,0.0,0.1,2.4,0
Chris Boucher,bouchch01,2026,BOS,PF,33.0,9,0.0,10.4,0.9,2.8,0.32,0.2,1.7,0.133,0.3,0.4,0.75,2.0,0.3,0.6,0.8,0.1,2.3,0
Chris Livingston,livinch01,2026,CLE,SF,22.0,3,0.0,5.7,1.3,2.3,0.571,0.0,1.0,0.0,0.3,0.3,1.0,1.0,0.3,0.3,0.0,0.0,3.0,0
Chris Mañon,manonch01,2026,LAL,SG,24.0,9,0.0,5.1,0.2,0.7,0.333,0.0,0.3,0.0,0.3,0.4,0.75,1.1,0.3,0.6,0.2,0.1,0.8,0
Chris Paul,paulch01,2026,LAC,PG,40.0,16,0.0,14.3,1.1,3.5,0.321,0.6,1.9,0.333,0.1,0.1,0.5,1.8,3.3,0.7,0.0,1.0,2.9,0
Chris Youngblood,youngch01,2026,2TM,SG,23.0,34,0.0,5.4,0.6,1.9,0.349,0.5,1.6,0.333,0.3,0.3,0.9,0.8,0.4,0.1,0.1,0.1,2.1,0
Christian Koloko,kolokch01,2026,3TM,C,25.0,27,4.0,13.2,1.1,2.7,0.419,0.0,0.3,0.111,0.4,0.6,0.667,3.0,0.7,0.5,0.9,0.6,2.7,0
Chucky Hepburn,hepbuch01,2026,TOR,PG,22.0,2,0.0,6.5,0.0,3.0,0.0,0.0,2.5,0.0,0.0,0.0,,0.5,1.0,0.5,0.0,0.5,0.0,0
Clint Capela,capelca01,2026,HOU,C,31.0,75,3.0,12.3,1.6,3.0,0.52,0.0,0.0,0.5,0.6,1.0,0.577,4.6,0.7,0.5,0.8,0.5,3.8,0
Cody Martin,martico01,2026,IND,SF,30.0,4,0.0,13.8,0.5,2.5,0.2,0.0,1.3,0.0,0.8,1.5,0.5,3.5,0.5,1.0,0.5,1.0,1.8,0
Colby Jones,jonesco02,2026,DET,SG,23.0,1,0.0,7.0,1.0,3.0,0.333,0.0,2.0,0.0,0.0,0.0,,4.0,2.0,0.0,0.0,0.0,2.0,0
Colin Castleton,castlco01,2026,ORL,C,25.0,4,0.0,5.3,0.5,1.3,0.4,0.0,0.0,,0.3,0.3,1.0,2.0,0.3,0.3,0.0,0.5,1.3,0
Craig Porter Jr.,portecr01,2026,CLE,PG,25.0,64,3.0,17.9,1.8,4.0,0.45,0.5,1.5,0.355,0.4,0.6,0.6,3.4,3.2,0.9,0.6,0.9,4.5,0
Curtis Jones,jonescu01,2026,DEN,SG,24.0,10,0.0,8.8,1.1,2.7,0.407,0.6,1.8,0.333,0.1,0.2,0.5,1.1,1.0,0.4,0.0,0.2,2.9,0
DaRon Holmes,holmeda01,2026,DEN,PF,23.0,25,6.0,8.4,1.2,2.4,0.508,0.8,1.8,0.444,0.4,0.6,0.786,1.4,0.6,0.0,0.2,0.5,3.7,0
Dalano Banton,bantoda01,2026,2TM,PG,26.0,6,0.0,10.3,0.7,2.0,0.333,0.0,0.2,0.0,0.7,0.7,1.0,0.8,1.8,0.3,0.8,1.3,2.0,0
Dalen Terry,terryda01,2026,2TM,SG,23.0,48,0.0,11.5,1.4,3.2,0.439,0.5,1.4,0.364,0.3,0.6,0.533,1.8,1.4,0.6,0.3,0.5,3.7,0
Dalton Knecht,knechda01,2026,LAL,SF,24.0,54,1.0,10.2,1.6,3.5,0.455,0.7,2.1,0.342,0.3,0.4,0.727,1.4,0.4,0.2,0.2,0.4,4.2,0
Dario Šarić,saricda01,2026,SAC,C,31.0,5,0.0,8.2,0.2,1.2,0.167,0.2,0.6,0.333,0.4,0.4,1.0,1.2,0.4,0.0,0.0,0.4,1.0,0
Darius Brown II,brownda04,2026,CLE,SG,26.0,1,0.0,3.0,0.0,1.0,0.0,0.0,0.0,,0.0,0.0,,1.0,0.0,0.0,0.0,0.0,0.0,0
David Jones García,jonesda06,2026,SAS,SF,24.0,11,0.0,6.2,1.2,2.3,0.52,0.3,0.5,0.6,0.3,0.5,0.5,1.2,1.6,0.5,0.1,0.5,2.9,0
Dillon Jones,jonesdi01,2026,NYK,SF,24.0,7,0.0,5.6,0.3,1.3,0.222,0.1,0.7,0.2,0.6,0.6,1.0,1.0,0.6,0.4,0.0,0.0,1.3,0
Dorian Finney-Smith,finnedo01,2026,HOU,PF,32.0,37,1.0,16.8,1.2,3.6,0.333,0.7,2.7,0.27,0.2,0.2,0.889,2.5,1.0,0.4,0.2,0.6,3.3,0
Doug McDermott,mcderdo01,2026,SAC,SF,34.0,29,0.0,15.1,1.9,4.8,0.388,1.7,4.2,0.39,0.3,0.3,0.889,1.3,0.8,0.2,0.1,0.4,5.7,0
Drew Eubanks,eubandr01,2026,SAC,C,28.0,42,11.0,13.1,2.2,3.7,0.596,0.0,0.2,0.143,0.8,1.4,0.561,3.0,0.5,0.4,0.6,0.7,5.2,0
Drew Peterson,peterdr01,2026,CHO,PF,26.0,6,0.0,10.7,0.3,2.7,0.125,0.0,2.0,0.0,0.2,0.3,0.5,1.5,0.3,0.5,0.2,0.0,0.8,0
Drew Timme,timmedr01,2026,LAL,PF,25.0,27,1.0,8.7,1.4,2.4,0.576,0.4,0.9,0.44,0.2,0.3,0.556,1.2,0.9,0.2,0.0,0.5,3.4,0
Duop Reath,reathdu01,2026,POR,C,29.0,32,0.0,8.1,1.0,2.3,0.446,0.7,1.7,0.418,0.2,0.2,0.833,1.2,0.3,0.2,0.3,0.2,2.9,0
Dwight Powell,poweldw01,2026,DAL,C,34.0,63,12.0,14.3,1.0,1.6,0.644,0.0,0.1,0.286,1.2,1.8,0.696,4.1,1.1,0.5,0.3,0.7,3.3,0
E.J. Liddell,liddeej01,2026,BRK,PF,25.0,26,5.0,13.4,2.1,4.3,0.486,0.7,2.0,0.346,0.8,1.0,0.808,2.7,0.9,0.2,0.4,0.6,5.7,0
Emanuel Miller,milleem01,2026,CHI,PF,25.0,5,0.0,6.6,1.2,2.6,0.462,0.4,1.2,0.333,0.2,0.4,0.5,0.6,0.8,0.4,0.0,0.0,3.0,0
Enrique Freeman,freemen01,2026,MIN,PF,25.0,4,0.0,9.3,1.0,2.0,0.5,0.5,1.0,0.5,0.8,1.0,0.75,2.5,0.5,0.5,0.8,0.5,3.3,0
Eric Gordon,gordoer01,2026,PHI,SG,37.0,6,0.0,12.3,2.0,3.5,0.571,1.3,2.3,0.571,0.2,0.3,0.5,0.3,0.5,0.7,0.2,0.5,5.5,0
Gabe Vincent,vincega01,2026,2TM,PG,29.0,53,7.0,16.6,1.4,4.1,0.352,1.1,3.3,0.341,0.4,0.4,0.87,1.0,1.4,0.5,0.1,0.5,4.4,0
Garrett Temple,templga01,2026,TOR,SG,39.0,22,0.0,3.3,0.2,0.7,0.267,0.1,0.5,0.25,0.3,0.4,0.667,0.4,0.4,0.2,0.1,0.3,0.8,0
Garrison Mathews,mathega01,2026,IND,SG,29.0,15,1.0,13.1,1.4,3.5,0.404,1.1,3.1,0.37,1.3,1.5,0.826,1.1,0.7,0.4,0.2,0.2,5.2,0
Gary Harris,harriga01,2026,MIL,SG,31.0,48,2.0,13.8,1.0,2.2,0.442,0.6,1.4,0.412,0.2,0.2,0.889,1.3,1.1,0.6,0.2,0.4,2.7,0
Gary Payton II,paytoga02,2026,GSW,SG,33.0,73,1.0,15.6,3.3,5.7,0.583,0.5,1.7,0.291,0.4,0.5,0.65,3.6,1.7,0.9,0.3,0.8,7.5,0
Gradey Dick,dickgr01,2026,TOR,SG,22.0,76,1.0,14.0,2.1,5.1,0.419,0.7,2.4,0.301,1.0,1.2,0.875,1.9,0.7,0.6,0.1,0.6,6.0,0
Grant Nelson,nelsogr02,2026,BRK,PF,23.0,4,0.0,8.8,1.3,2.3,0.556,0.0,0.0,,1.8,2.5,0.7,1.5,1.3,0.3,1.3,1.0,4.3,0
Guerschon Yabusele,yabusgu01,2026,2TM,C,30.0,67,19.0,15.0,1.9,4.7,0.401,1.0,2.9,0.352,0.8,1.1,0.75,3.5,0.9,0.4,0.2,0.6,5.6,0
Harrison Ingram,ingraha01,2026,SAS,SF,23.0,7,0.0,3.7,0.7,0.9,0.833,0.1,0.1,1.0,0.0,0.0,,0.4,0.1,0.0,0.0,0.1,1.6,0
Haywood Highsmith,highsha01,2026,PHO,SF,29.0,7,0.0,13.0,1.7,3.3,0.522,1.1,2.0,0.571,0.9,1.0,0.857,1.9,1.0,0.6,0.0,0.0,5.4,0
Hugo González,gonzahu01,2026,BOS,SF,19.0,74,3.0,14.6,1.6,3.3,0.476,0.6,1.6,0.362,0.2,0.4,0.5,3.3,0.5,0.6,0.3,0.5,3.9,0
Hunter Dickinson,dickihu01,2026,NOP,C,25.0,5,0.0,8.4,1.0,2.8,0.357,0.0,0.8,0.0,0.4,0.4,1.0,1.0,0.4,0.2,0.4,0.6,2.4,0
Hunter Sallis,sallihu01,2026,PHI,SG,22.0,7,0.0,3.7,0.4,0.7,0.6,0.0,0.0,,0.1,0.3,0.5,0.1,0.6,0.0,0.1,0.7,1.0,0
Hunter Tyson,tysonhu01,2026,DEN,PF,25.0,21,2.0,7.7,0.7,2.5,0.269,0.3,1.6,0.212,0.5,0.6,0.846,1.7,0.8,0.1,0.0,0.2,2.2,0
Isaac Jones,jonesis01,2026,2TM,PF,25.0,7,1.0,5.1,0.4,1.0,0.429,0.0,0.3,0.0,0.4,0.6,0.75,0.7,0.1,0.0,0.1,0.1,1.3,0
Isaiah Crawford,crawfis01,2026,HOU,SF,24.0,14,0.0,6.6,0.7,1.7,0.417,0.2,0.9,0.231,0.4,0.4,0.833,1.1,0.4,0.1,0.2,0.3,2.0,0
Isaiah Livers,liveris01,2026,PHO,PF,27.0,36,0.0,9.6,0.6,1.8,0.344,0.3,1.1,0.3,0.3,0.3,0.75,1.7,0.6,0.4,0.2,0.3,1.8,0
Isaiah Stevens,steveis01,2026,SAC,PG,25.0,3,0.0,14.3,1.0,2.3,0.429,0.0,0.3,0.0,1.3,1.3,1.0,1.0,3.3,1.7,0.0,0.7,3.3,0
JD Davison,davisjd01,2026,HOU,PG,23.0,28,0.0,7.8,0.9,2.3,0.375,0.3,1.1,0.25,0.5,0.7,0.684,1.2,1.3,0.2,0.2,0.3,2.5,0
Jabari Walker,walkeja01,2026,PHI,PF,23.0,64,6.0,11.9,1.5,3.3,0.455,0.5,1.5,0.337,0.8,1.1,0.735,3.0,0.5,0.4,0.2,0.4,4.3,0
Jacob Toppin,toppija01,2026,ATL,SF,25.0,5,0.0,3.4,0.8,1.2,0.667,0.0,0.0,,0.0,0.0,,0.2,0.2,0.0,0.2,0.0,1.6,0
Jae'Sean Tate,tateja01,2026,HOU,SF,30.0,46,1.0,8.8,1.2,2.4,0.514,0.2,0.7,0.313,0.2,0.2,0.636,1.6,0.5,0.2,0.1,0.3,2.8,0
Jahmir Young,youngja05,2026,MIA,PG,25.0,14,0.0,4.1,0.7,1.8,0.4,0.2,0.6,0.333,0.1,0.1,1.0,0.3,0.6,0.1,0.0,0.2,1.8,0
Jahmyl Telfort,telfoja01,2026,LAC,PF,24.0,8,0.0,4.0,0.0,0.5,0.0,0.0,0.5,0.0,0.1,0.5,0.25,0.4,0.1,0.1,0.0,0.1,0.1,0
Jalen Pickett,pickeja02,2026,DEN,SG,26.0,50,18.0,16.1,2.0,4.6,0.422,1.0,2.5,0.386,0.3,0.4,0.789,2.3,2.3,0.3,0.1,0.7,5.2,0
Jalen Wilson,wilsoja03,2026,BRK,PF,25.0,54,2.0,15.9,2.0,5.1,0.396,1.0,2.8,0.355,1.3,1.8,0.719,2.1,0.9,0.4,0.0,0.7,6.4,0
Jamal Cain,cainja01,2026,ORL,SF,26.0,40,1.0,12.2,1.9,3.8,0.487,0.7,1.8,0.384,1.0,1.2,0.848,2.0,0.7,0.3,0.1,0.5,5.4,0
Jamaree Bouyea,bouyeja01,2026,PHO,PG,26.0,46,1.0,14.0,2.3,5.1,0.458,0.5,1.7,0.295,0.5,0.8,0.686,1.8,1.8,0.6,0.3,0.7,5.7,0
James Wiseman,wisemja01,2026,IND,C,24.0,4,1.0,14.5,1.5,2.5,0.6,0.0,0.0,,0.3,0.5,0.5,2.0,0.8,0.0,0.3,1.3,3.3,0
Jamison Battle,battlja01,2026,TOR,SF,24.0,61,2.0,8.5,1.2,2.4,0.51,0.6,1.4,0.412,0.1,0.2,0.643,1.5,0.4,0.1,0.0,0.3,3.1,0
Jarred Vanderbilt,vandeja01,2026,LAL,PF,26.0,65,3.0,17.4,1.7,3.7,0.471,0.4,1.5,0.293,0.5,0.9,0.589,4.5,1.3,0.8,0.3,0.9,4.4,0
Jase Richardson,richaja02,2026,ORL,SG,20.0,54,0.0,10.9,1.6,3.5,0.473,0.5,1.5,0.354,0.6,0.9,0.717,1.2,1.1,0.4,0.0,0.5,4.4,0
Javonte Cooke,cookeja01,2026,POR,SG,26.0,19,0.0,4.9,0.5,2.2,0.22,0.2,1.2,0.13,0.1,0.1,1.0,1.0,0.4,0.3,0.0,0.5,1.2,0
Jaylen Clark,clarkja02,2026,MIN,SG,24.0,68,1.0,13.1,1.5,3.4,0.434,0.5,1.5,0.327,0.6,1.0,0.657,1.8,0.6,0.7,0.1,0.3,4.0,0
Jayson Kent,kentja01,2026,POR,SF,23.0,5,0.0,4.4,0.8,1.4,0.571,0.2,0.8,0.25,0.2,0.2,1.0,1.0,0.0,0.2,0.2,0.0,2.0,0
Jeff Green,greenje02,2026,HOU,PF,39.0,30,0.0,5.8,0.8,2.3,0.368,0.4,1.5,0.273,0.2,0.2,1.0,0.8,0.3,0.1,0.1,0.1,2.2,0
Jeremiah Robinson-Earl,robinje02,2026,2TM,PF,25.0,22,3.0,16.4,1.7,4.5,0.37,0.5,1.9,0.244,0.8,0.8,0.944,4.7,0.7,0.4,0.0,0.5,4.6,0
Jeremy Sochan,sochaje01,2026,2TM,PF,22.0,44,0.0,10.7,1.5,2.9,0.496,0.3,1.0,0.244,0.4,0.6,0.731,2.4,0.9,0.4,0.2,0.5,3.6,0
Jett Howard,howarje01,2026,ORL,SF,22.0,55,0.0,12.6,1.9,4.6,0.418,1.0,2.6,0.372,0.7,0.7,0.949,1.6,0.8,0.2,0.2,0.3,5.5,0
Joan Beringer,berinjo01,2026,MIN,PF,19.0,40,3.0,7.9,1.6,2.5,0.663,0.0,0.0,,0.7,0.9,0.703,2.3,0.3,0.2,0.7,0.3,3.9,0
Joe Ingles,inglejo01,2026,MIN,SF,38.0,27,2.0,5.7,0.6,1.0,0.593,0.3,0.6,0.438,0.1,0.1,1.0,0.7,1.3,0.3,0.1,0.5,1.5,0
John Tonje,tonjejo01,2026,BOS,SG,24.0,6,0.0,7.0,0.7,2.3,0.286,0.5,1.7,0.3,0.7,0.7,1.0,1.0,0.3,0.3,0.0,0.0,2.5,0
Johni Broome,broomjo01,2026,PHI,C,23.0,11,0.0,5.0,0.4,2.2,0.167,0.0,0.5,0.0,0.2,0.5,0.333,1.5,0.4,0.3,0.2,0.3,0.9,0
Johnny Furphy,furphjo01,2026,IND,SG,21.0,35,21.0,18.4,2.0,4.3,0.47,0.7,2.0,0.324,0.5,1.0,0.486,4.4,1.2,0.6,0.2,0.8,5.1,0
Johnny Juzang,juzanjo01,2026,MIN,SG,24.0,21,0.0,4.2,0.8,1.8,0.421,0.3,1.1,0.25,0.2,0.4,0.625,0.8,0.3,0.1,0.0,0.2,2.0,0
Jonathan Isaac,isaacjo01,2026,ORL,PF,28.0,52,0.0,10.0,0.9,2.1,0.422,0.1,0.7,0.184,0.7,1.1,0.603,2.5,0.4,0.4,0.6,0.3,2.6,0
Jonathan Mogbo,mogbojo01,2026,TOR,PF,24.0,40,0.0,6.2,0.7,1.1,0.591,0.0,0.0,0.0,0.2,0.4,0.643,1.7,0.6,0.3,0.2,0.4,1.5,0
Jordan Hawkins,hawkijo01,2026,NOP,SG,23.0,51,1.0,13.6,1.8,5.0,0.366,0.9,2.6,0.348,0.5,0.5,0.852,1.7,0.8,0.3,0.2,0.7,5.1,0
Jordan McLaughlin,mclaujo01,2026,SAS,PG,29.0,44,0.0,6.4,0.8,1.8,0.418,0.4,0.9,0.425,0.1,0.2,0.857,0.7,0.9,0.5,0.0,0.3,2.0,0
Jordan Walsh,walshjo01,2026,BOS,PF,21.0,68,25.0,17.8,2.0,3.9,0.509,0.7,1.8,0.384,0.6,0.8,0.772,4.0,0.8,0.7,0.5,0.5,5.4,0
Josh Green,greenjo02,2026,CHO,SG,25.0,58,0.0,15.7,1.4,3.1,0.459,1.0,2.4,0.42,0.4,0.5,0.893,1.8,0.8,0.6,0.1,0.6,4.3,0
Josh Okogie,okogijo01,2026,HOU,SG,27.0,78,32.0,17.4,1.6,3.8,0.425,0.8,2.1,0.385,0.5,0.9,0.594,2.6,0.9,0.8,0.2,0.5,4.5,0
Julian Phillips,phillju01,2026,2TM,SF,22.0,48,2.0,8.9,1.1,2.5,0.421,0.4,1.4,0.308,0.4,0.5,0.783,1.0,0.2,0.5,0.1,0.2,2.9,0
Julian Strawther,strawju01,2026,DEN,SG,23.0,57,14.0,15.1,2.6,5.6,0.467,1.0,2.6,0.387,1.0,1.2,0.814,2.0,1.1,0.4,0.1,0.6,7.2,0
Justin Edwards,edwarju01,2026,PHI,SF,22.0,64,12.0,15.3,2.2,5.0,0.447,1.0,2.8,0.372,0.5,0.6,0.846,1.5,1.3,0.8,0.2,0.6,6.0,0
KJ Simpson,simpskj01,2026,2TM,PG,23.0,20,2.0,12.9,1.7,5.0,0.343,0.6,2.0,0.3,0.6,0.9,0.611,1.9,2.2,0.8,0.0,1.3,4.6,0
Kam Jones,joneska03,2026,IND,SG,23.0,37,7.0,16.6,1.8,4.6,0.402,0.6,2.0,0.293,0.1,0.2,0.5,1.6,3.2,0.5,0.0,1.0,4.4,0
Karlo Matković,matkoka01,2026,NOP,PF,24.0,62,2.0,14.7,2.3,3.8,0.604,0.6,1.5,0.422,0.5,0.7,0.732,3.7,0.8,0.4,0.9,0.5,5.7,0
Keaton Wallace,wallake01,2026,ATL,PG,26.0,53,3.0,10.1,1.3,3.2,0.398,0.7,1.9,0.373,0.2,0.3,0.667,1.1,1.8,0.5,0.1,0.5,3.5,0
Kelly Olynyk,olynyke01,2026,SAS,C,34.0,42,0.0,8.6,1.1,2.3,0.49,0.3,1.1,0.255,0.6,0.9,0.711,1.8,1.2,0.4,0.1,0.6,3.2,0
Kenrich Williams,willike04,2026,OKC,PF,31.0,56,2.0,15.3,2.5,5.3,0.473,0.9,2.3,0.388,0.6,0.9,0.635,3.3,1.4,0.6,0.1,0.8,6.5,0
Keshad Johnson,johnske10,2026,MIA,SF,24.0,32,0.0,8.8,1.6,3.3,0.49,0.4,1.4,0.295,0.7,0.9,0.724,1.9,0.3,0.5,0.3,0.4,4.3,0
Keshon Gilbert,gilbeke01,2026,2TM,SG,22.0,4,0.0,18.5,1.3,3.0,0.417,0.0,0.8,0.0,1.8,1.8,1.0,1.3,3.0,0.8,1.0,2.0,4.3,0
Kevin McCullar Jr.,mcculke01,2026,NYK,SF,24.0,21,0.0,7.4,1.0,2.2,0.426,0.4,1.1,0.333,0.1,0.2,0.4,1.3,1.0,0.4,0.0,0.6,2.4,0
Kevon Looney,looneke01,2026,NOP,C,29.0,21,8.0,14.7,1.2,2.9,0.417,0.1,0.6,0.154,0.3,0.5,0.7,5.6,1.6,0.4,0.5,0.4,2.8,0
Khaman Maluach,maluakh01,2026,PHO,C,19.0,46,1.0,8.9,1.2,2.3,0.533,0.1,0.5,0.238,0.5,0.7,0.71,2.9,0.1,0.1,0.7,0.5,3.0,0
Kobe Brown,brownko01,2026,2TM,PF,26.0,61,10.0,15.8,2.1,4.4,0.469,0.9,2.3,0.374,0.8,1.0,0.797,3.0,1.3,0.4,0.2,0.9,5.8,0
Kobe Bufkin,bufkiko01,2026,LAL,SG,22.0,16,1.0,7.4,0.9,3.1,0.3,0.3,1.6,0.192,0.7,0.8,0.917,0.8,0.6,0.1,0.2,0.3,2.9,0
Koby Brea,breako01,2026,PHO,SG,23.0,12,0.0,7.0,1.3,3.0,0.417,1.1,2.5,0.433,0.2,0.2,1.0,0.7,0.8,0.1,0.0,0.3,3.8,0
Kyle Lowry,lowryky01,2026,PHI,PG,39.0,14,0.0,8.4,0.3,1.8,0.16,0.3,1.8,0.16,0.4,0.4,0.833,0.6,0.8,0.1,0.1,0.3,1.2,0
Lachlan Olbrich,olbrila01,2026,CHI,C,22.0,37,2.0,9.3,1.0,2.1,0.468,0.1,0.5,0.105,0.4,1.1,0.375,3.0,1.1,0.3,0.2,0.4,2.4,0
Larry Nance Jr.,nancela02,2026,CLE,PF,33.0,35,3.0,12.8,1.5,3.5,0.419,0.6,1.8,0.333,0.2,0.4,0.462,2.7,1.0,0.6,0.2,0.6,3.7,0
Leonard Miller,millele01,2026,2TM,SF,22.0,46,12.0,15.6,3.2,5.7,0.553,0.7,2.2,0.323,0.8,1.2,0.736,3.9,0.9,0.4,0.3,0.8,7.8,0
Liam McNeeley,mcneeli01,2026,CHO,SF,20.0,31,0.0,11.9,1.2,3.1,0.4,0.8,1.9,0.4,1.0,1.3,0.821,2.4,0.8,0.2,0.1,0.4,4.3,0
Lindy Waters III,waterli01,2026,SAS,SG,28.0,40,0.0,7.1,0.8,2.2,0.375,0.7,2.0,0.342,0.1,0.1,0.667,0.7,0.5,0.2,0.0,0.2,2.4,0
Luka Garza,garzalu01,2026,BOS,C,27.0,69,6.0,16.2,3.0,5.2,0.577,0.8,1.8,0.433,1.3,1.7,0.769,4.1,1.0,0.4,0.4,0.7,8.1,0
Luke Travers,travelu01,2026,CLE,SG,24.0,12,0.0,8.6,0.8,3.0,0.25,0.1,1.3,0.063,0.8,0.8,1.0,2.0,0.8,0.6,0.3,0.3,2.3,0
Mac McClung,mccluma01,2026,2TM,SG,27.0,11,0.0,12.3,2.1,5.4,0.39,0.6,2.7,0.233,1.3,1.6,0.778,0.9,0.9,1.0,0.3,0.8,6.1,0
Malaki Branham,branhma01,2026,WAS,SG,22.0,28,0.0,9.8,1.5,3.3,0.473,0.5,1.3,0.378,1.0,1.2,0.824,1.6,0.8,0.4,0.1,0.5,4.6,0
Malevy Leons,leonsma01,2026,GSW,SF,26.0,25,2.0,11.0,1.3,2.9,0.444,0.2,0.6,0.25,0.6,0.8,0.789,2.1,0.9,0.6,0.4,0.5,3.3,0
MarJon Beauchamp,beaucma01,2026,PHI,SF,25.0,14,1.0,14.0,2.4,5.4,0.434,1.1,3.4,0.34,0.9,1.4,0.684,2.3,1.1,0.6,0.3,0.9,6.8,0
Marcus Sasser,sassema01,2026,DET,PG,25.0,38,5.0,12.0,1.8,4.7,0.39,1.2,2.8,0.415,0.4,0.5,0.833,1.0,2.0,0.5,0.1,0.8,5.2,0
Mark Sears,searsma01,2026,MIL,PG,23.0,7,0.0,3.7,0.9,1.9,0.462,0.6,1.1,0.5,0.9,1.1,0.75,0.3,0.3,0.0,0.0,0.6,3.1,0
Markelle Fultz,fultzma01,2026,TOR,PG,27.0,5,0.0,7.2,0.4,2.2,0.182,0.0,0.0,,0.0,0.0,,0.2,1.6,0.4,0.0,0.8,0.8,0
Mason Plumlee,plumlma01,2026,2TM,C,35.0,20,3.0,8.6,0.6,0.7,0.786,0.0,0.0,,0.5,0.7,0.643,2.7,1.0,0.5,0.0,0.6,1.6,0
Max Shulga,shulgma01,2026,BOS,SG,23.0,11,1.0,3.3,0.2,0.7,0.25,0.1,0.4,0.25,0.2,0.2,1.0,0.5,0.2,0.1,0.0,0.3,0.6,0
Maxi Kleber,klebima01,2026,LAL,PF,34.0,43,1.0,10.7,0.8,1.7,0.452,0.1,0.6,0.231,0.3,0.6,0.538,2.0,0.6,0.4,0.3,0.4,2.0,0
Micah Peavy,peavymi01,2026,NOP,SG,24.0,61,4.0,15.0,1.7,4.5,0.385,0.5,1.8,0.259,0.4,0.5,0.759,1.9,1.0,0.7,0.1,0.3,4.3,0
Mike Conley,conlemi01,2026,MIN,PG,38.0,54,15.0,18.4,1.3,4.0,0.335,1.0,3.1,0.337,0.8,0.9,0.9,1.7,2.9,0.6,0.3,0.6,4.5,0
Miles Kelly,kellymi02,2026,DAL,PG,23.0,14,0.0,9.6,1.1,3.1,0.364,0.7,2.4,0.303,0.1,0.1,1.0,1.7,0.9,0.3,0.1,0.4,3.1,0
Mo Bamba,bambamo01,2026,2TM,C,27.0,4,0.0,11.0,1.3,2.8,0.455,0.0,0.0,,0.0,0.0,,5.5,0.3,0.0,0.8,0.5,2.5,0
Mohamed Diawara,diawamo01,2026,NYK,SF,20.0,69,7.0,9.2,1.3,3.1,0.423,0.7,1.9,0.369,0.3,0.3,0.75,1.4,0.8,0.2,0.1,0.4,3.6,0
Monte Morris,morrimo01,2026,IND,PG,30.0,6,0.0,10.8,1.2,3.3,0.35,0.3,1.3,0.25,0.3,0.7,0.5,1.2,1.5,0.2,0.2,0.3,3.0,0
Moritz Wagner,wagnemo01,2026,ORL,C,28.0,36,0.0,11.9,2.3,5.4,0.426,0.6,1.9,0.314,1.6,2.0,0.819,3.2,0.8,0.4,0.1,0.5,6.9,0
Mouhamed Gueye,gueyemo02,2026,ATL,PF,23.0,77,8.0,15.3,1.7,3.8,0.452,0.5,1.7,0.308,0.5,0.8,0.645,3.6,0.9,0.8,0.5,0.4,4.4,0
Myron Gardner,gardnmy01,2026,MIA,SF,24.0,45,7.0,9.1,1.3,2.7,0.48,0.6,1.4,0.406,0.4,0.6,0.731,2.7,1.0,0.4,0.2,0.4,3.6,0
N'Faly Dante,nfalyda01,2026,ATL,C,24.0,4,0.0,3.8,0.3,1.0,0.25,0.0,0.0,,0.3,0.3,1.0,1.8,0.0,0.5,0.0,0.3,0.8,0
Nae'Qwan Tomlin,tomlina01,2026,CLE,PF,25.0,64,3.0,15.7,2.3,4.9,0.478,0.4,1.8,0.235,0.7,1.0,0.77,2.9,0.8,0.6,0.5,0.5,5.8,0
Nate Williams,willije02,2026,GSW,SG,26.0,14,2.0,17.1,3.1,6.3,0.489,0.9,2.1,0.433,0.9,1.1,0.867,2.1,1.0,0.4,0.0,1.1,8.0,0
Nick Smith Jr.,smithni01,2026,LAL,SG,21.0,30,1.0,12.5,2.3,5.4,0.435,1.1,2.9,0.395,0.4,0.5,0.733,0.8,1.0,0.3,0.1,0.7,6.2,0
Nicolas Batum,batumni01,2026,LAC,PF,37.0,74,6.0,17.5,1.3,3.2,0.403,1.2,3.1,0.404,0.1,0.1,0.818,2.5,0.9,0.6,0.3,0.5,4.0,0
Nigel Hayes-Davis,hayesni01,2026,PHO,SF,31.0,27,0.0,7.2,0.6,1.7,0.326,0.1,0.6,0.125,0.1,0.1,0.5,1.2,0.3,0.3,0.1,0.3,1.3,0
Nikola Topić,topicni01,2026,OKC,PG,20.0,10,2.0,16.0,2.2,5.1,0.431,0.6,1.5,0.4,0.2,0.5,0.4,1.9,4.4,0.5,0.0,2.5,5.2,0
Noa Essengue,essenno01,2026,CHI,PF,19.0,2,0.0,3.0,0.0,1.5,0.0,0.0,1.0,0.0,0.0,0.0,,0.0,0.0,0.5,0.0,0.0,0.0,0
Noah Penda,pendano01,2026,ORL,SF,21.0,59,2.0,12.8,1.4,3.4,0.404,0.5,1.6,0.323,0.6,0.8,0.688,3.2,1.2,0.5,0.3,0.7,3.8,0
Norchad Omier,omierno01,2026,LAC,PF,24.0,6,0.0,4.0,1.2,1.7,0.7,0.0,0.2,0.0,0.5,0.5,1.0,1.2,0.3,0.2,0.0,0.0,2.8,0
Ochai Agbaji,agbajoc01,2026,2TM,SG,25.0,62,13.0,15.7,2.0,4.5,0.436,0.5,2.1,0.266,0.6,0.7,0.837,2.3,0.8,0.4,0.3,0.5,5.1,0
Olivier Sarr,sarrol01,2026,CLE,C,26.0,4,0.0,9.8,1.3,1.8,0.714,0.5,0.8,0.667,0.5,1.3,0.4,2.8,1.3,0.5,0.8,0.5,3.5,0
Omer Yurtseven,yurtsom01,2026,GSW,C,27.0,9,0.0,11.6,1.2,2.9,0.423,0.0,0.4,0.0,1.3,2.0,0.667,3.3,0.9,0.2,0.1,1.0,3.8,0
Orlando Robinson,robinor01,2026,ORL,C,25.0,4,1.0,6.3,0.8,1.3,0.6,0.3,0.5,0.5,0.0,0.0,,1.0,0.8,0.3,0.0,0.0,1.8,0
PJ Hall,hallpj01,2026,2TM,C,23.0,19,2.0,11.3,1.6,3.1,0.508,0.2,0.3,0.6,1.2,1.5,0.793,3.9,0.5,0.2,0.5,0.8,4.5,0
Pacôme Dadiet,dadiepa01,2026,NYK,SG,20.0,29,0.0,4.7,0.6,1.7,0.333,0.2,1.1,0.219,0.3,0.4,0.818,0.9,0.4,0.1,0.0,0.1,1.7,0
Pat Connaughton,connapa01,2026,CHO,SG,33.0,42,0.0,7.1,0.9,2.0,0.447,0.5,1.2,0.404,0.3,0.5,0.65,1.5,0.4,0.3,0.0,0.3,2.6,0
Patrick Baldwin Jr.,baldwpa01,2026,3TM,SF,23.0,9,1.0,11.3,1.2,3.0,0.407,0.7,1.6,0.429,0.6,0.8,0.714,2.6,0.6,0.3,0.6,0.6,3.7,0
Payton Sandfort,sandfpa01,2026,OKC,SF,23.0,4,0.0,15.8,3.3,6.5,0.5,1.8,4.3,0.412,0.5,1.0,0.5,2.5,0.0,0.3,0.0,0.3,8.8,0
Pete Nance,nancepe01,2026,MIL,PF,25.0,47,6.0,15.7,2.1,4.1,0.515,1.1,2.5,0.42,0.1,0.2,0.364,2.7,1.0,0.3,0.3,0.6,5.4,0
Rasheer Fleming,flemira01,2026,PHO,PF,21.0,55,1.0,12.2,1.6,3.9,0.405,0.8,2.4,0.346,0.3,0.6,0.559,2.3,0.3,0.4,0.4,0.5,4.3,0
RayJ Dennis,dennira01,2026,3TM,PG,24.0,17,0.0,12.1,1.5,4.9,0.313,0.8,2.6,0.311,0.5,0.5,0.889,1.5,1.9,0.2,0.2,1.0,4.4,0
Rayan Rupert,ruperra01,2026,2TM,SG,21.0,64,8.0,16.8,1.9,4.9,0.393,0.7,2.1,0.324,0.7,0.8,0.778,2.9,1.1,0.9,0.1,0.9,5.2,0
Riley Minix,minixri01,2026,2TM,SF,25.0,9,0.0,6.4,1.6,2.6,0.609,0.4,1.3,0.333,0.3,0.3,1.0,0.7,0.6,0.2,0.1,0.3,3.9,0
Rob Dillingham,dilliro01,2026,2TM,PG,21.0,65,0.0,14.9,2.5,6.3,0.396,0.6,2.0,0.316,0.6,0.8,0.745,2.0,2.2,0.7,0.1,1.5,6.3,0
Rocco Zikarsky,zikarro01,2026,MIN,C,19.0,5,0.0,7.2,1.0,1.6,0.625,0.0,0.0,,0.8,0.8,1.0,2.8,0.4,0.0,1.0,0.2,2.8,0
Ron Harper Jr.,harpero02,2026,BOS,SF,25.0,29,3.0,11.0,1.6,3.8,0.418,1.0,2.8,0.35,0.1,0.1,0.75,1.7,0.8,0.3,0.3,0.3,4.2,0
Ryan Dunn,dunnry01,2026,PHO,SF,23.0,70,16.0,19.4,2.3,5.2,0.453,0.8,2.4,0.331,0.3,0.7,0.489,4.2,1.5,0.9,0.4,0.8,5.8,0
Sean Pedulla,pedulse01,2026,LAC,PG,23.0,7,0.0,4.4,0.7,2.1,0.333,0.4,1.4,0.3,0.0,0.0,,0.4,0.7,0.0,0.0,0.1,1.9,0
Seth Curry,curryse01,2026,GSW,SG,35.0,10,0.0,13.3,2.4,4.9,0.49,1.2,2.5,0.48,1.1,1.2,0.917,1.2,1.0,0.3,0.0,0.2,7.1,0
Sidy Cissoko,cissosi01,2026,POR,SF,21.0,75,26.0,19.1,1.8,4.5,0.398,0.8,2.6,0.298,0.8,1.2,0.659,2.2,1.5,0.7,0.3,0.9,5.1,0
Skal Labissière,labissk01,2026,WAS,PF,29.0,3,0.0,12.7,2.0,3.3,0.6,0.3,1.7,0.2,0.0,0.0,,3.0,1.0,0.7,0.3,0.3,4.3,0
Spencer Jones,jonessp01,2026,DEN,SF,24.0,64,37.0,22.1,2.1,4.1,0.504,0.9,2.3,0.396,0.5,0.8,0.608,3.3,0.8,0.8,0.5,0.5,5.5,0
Stanley Umude,umudest01,2026,SAS,SG,26.0,2,0.0,3.5,0.5,1.0,0.5,0.0,0.5,0.0,0.0,0.0,,0.0,0.5,0.5,0.0,0.0,1.0,0
Taelon Peter,peterta01,2026,IND,SG,23.0,38,0.0,12.9,1.6,4.2,0.38,1.1,3.3,0.328,0.3,0.4,0.625,1.6,1.1,0.7,0.1,0.7,4.5,0
Taj Gibson,gibsota01,2026,MEM,C,40.0,10,1.0,9.7,1.2,2.6,0.462,0.3,0.6,0.5,0.7,0.8,0.875,2.7,0.6,0.2,0.1,0.1,3.4,0
Terrence Shannon Jr.,shannte01,2026,MIN,SG,25.0,43,2.0,12.5,1.8,4.0,0.45,0.7,1.8,0.408,1.3,1.6,0.8,1.1,0.9,0.3,0.0,0.6,5.6,0
Thanasis Antetokounmpo,antetth01,2026,MIL,SF,33.0,34,0.0,4.4,0.4,0.9,0.469,0.0,0.1,0.0,0.5,0.9,0.567,0.9,0.4,0.4,0.2,0.3,1.4,0
Thomas Bryant,bryanth01,2026,CLE,C,28.0,60,1.0,12.2,2.3,4.5,0.506,0.8,2.2,0.359,0.9,1.1,0.803,3.4,0.6,0.3,0.4,0.5,6.2,0
Tidjane Salaün,salauti01,2026,CHO,PF,20.0,37,0.0,15.5,2.2,4.3,0.503,1.0,2.2,0.434,0.7,1.1,0.65,4.0,0.7,0.4,0.2,0.7,6.0,0
Tolu Smith,smithto05,2026,DET,PF,25.0,15,0.0,9.1,1.2,2.4,0.5,0.0,0.0,,1.3,2.0,0.667,3.3,0.9,0.1,0.4,0.5,3.7,0
Tony Bradley,bradlto01,2026,2TM,C,28.0,41,4.0,11.0,1.6,2.9,0.547,0.0,0.1,0.5,0.8,1.0,0.744,2.8,0.5,0.1,0.2,0.4,4.0,0
Tosan Evbuomwan,evbuoto01,2026,NYK,SF,24.0,5,0.0,1.6,0.0,0.2,0.0,0.0,0.0,,0.0,0.0,,0.4,0.0,0.0,0.0,0.0,0.0,0
Trayce Jackson-Davis,jackstr02,2026,2TM,C,25.0,53,1.0,9.4,1.3,2.3,0.573,0.0,0.0,1.0,0.7,1.4,0.514,2.7,0.7,0.3,0.5,0.4,3.4,0
Tre Mann,manntr01,2026,CHO,PG,24.0,53,1.0,12.6,2.1,5.7,0.36,0.9,2.9,0.323,0.4,0.5,0.852,1.7,1.6,0.5,0.1,1.0,5.5,0
Trendon Watford,watfotr01,2026,PHI,PF,25.0,53,7.0,16.3,2.6,5.1,0.515,0.2,0.9,0.2,1.1,1.5,0.779,3.3,2.5,0.3,0.4,1.2,6.5,0
Trentyn Flowers,flowetr01,2026,CHI,SF,20.0,2,0.0,3.0,1.0,1.5,0.667,0.0,0.5,0.0,0.0,0.0,,0.5,0.5,0.0,0.0,0.5,2.0,0
Trevor Keels,keelstr01,2026,MIA,SG,22.0,8,0.0,1.9,0.4,1.5,0.25,0.3,1.1,0.222,0.0,0.0,,0.3,0.0,0.1,0.0,0.0,1.0,0
Trey Alexander,alexatr01,2026,NOP,SG,22.0,9,0.0,12.3,2.1,4.1,0.514,0.7,1.3,0.5,0.3,0.6,0.6,1.2,1.0,0.7,0.2,0.3,5.2,0
Trey Jemison,jemistr01,2026,NYK,C,26.0,13,0.0,6.3,0.5,0.8,0.6,0.0,0.0,,0.1,0.1,1.0,1.4,0.4,0.1,0.2,0.8,1.0,0
Tristan Enaruna,enarutr01,2026,CLE,SF,24.0,9,0.0,9.4,1.6,3.1,0.5,0.3,1.1,0.3,0.7,0.9,0.75,1.6,0.8,0.6,0.0,0.3,4.1,0
TyTy Washington Jr.,washity02,2026,LAC,PG,24.0,16,0.0,5.5,0.6,1.2,0.474,0.2,0.5,0.375,0.0,0.0,,0.4,1.1,0.4,0.2,0.2,1.3,0
Tyler Kolek,kolekty01,2026,NYK,PG,24.0,62,1.0,11.7,1.7,4.0,0.435,0.7,1.8,0.386,0.2,0.3,0.7,1.6,2.7,0.4,0.1,0.9,4.4,0
Tyler Smith,smithty02,2026,DAL,PF,21.0,12,0.0,13.8,1.8,4.2,0.42,0.8,2.9,0.286,0.3,0.5,0.667,2.8,0.4,0.5,0.0,0.5,4.7,0
Tyrese Martin,martity01,2026,2TM,SG,26.0,46,6.0,16.9,2.4,6.0,0.394,1.2,3.6,0.321,0.4,0.6,0.679,2.5,1.7,0.5,0.1,0.9,6.3,0
Tyrese Proctor,proctty01,2026,CLE,PG,21.0,50,1.0,10.9,1.9,4.5,0.413,0.9,2.6,0.351,0.8,0.9,0.889,1.3,1.5,0.5,0.0,0.8,5.4,0
Tyus Jones,jonesty01,2026,3TM,PG,29.0,67,12.0,14.6,1.1,3.3,0.349,0.6,2.0,0.292,0.1,0.1,0.778,1.1,2.4,0.6,0.0,0.4,3.0,0
Vladislav Goldin,goldivl01,2026,MIA,C,24.0,9,0.0,2.7,0.3,0.4,0.75,0.0,0.0,,0.1,0.1,1.0,1.0,0.3,0.0,0.3,0.3,0.8,0
Wendell Moore Jr.,moorewe01,2026,DET,SG,24.0,6,0.0,10.0,0.7,1.2,0.571,0.0,0.2,0.0,0.3,0.3,1.0,1.0,0.7,0.3,0.3,0.2,1.7,0
Xavier Tillman Sr.,tillmxa01,2026,2TM,C,27.0,30,1.0,6.1,0.7,1.5,0.435,0.1,0.6,0.167,0.0,0.1,0.25,1.4,0.4,0.3,0.2,0.3,1.5,0
Yang Hansen,yangha01,2026,POR,C,20.0,43,1.0,7.0,0.7,2.3,0.31,0.1,1.0,0.119,0.7,0.8,0.824,1.5,0.5,0.1,0.2,0.7,2.2,0
Yanic Konan Niederhäuser,konanya01,2026,LAC,C,22.0,41,0.0,10.3,1.6,2.4,0.64,0.0,0.1,0.2,1.1,1.5,0.758,2.9,0.3,0.1,0.7,0.6,4.3,0
Yuki Kawamura,kawamyu01,2026,CHI,PG,24.0,18,0.0,11.6,0.9,2.9,0.327,0.6,2.1,0.297,0.9,1.1,0.895,1.8,2.6,0.5,0.0,0.8,3.4,0
Zeke Nnaji,nnajize01,2026,DEN,PF,25.0,52,4.0,12.0,1.4,2.9,0.47,0.3,1.0,0.259,0.7,0.8,0.773,2.6,0.6,0.3,0.5,0.5,3.7,0
Zyon Pullin,pullizy01,2026,MIN,SG,24.0,5,0.0,8.6,1.8,2.6,0.692,0.2,0.6,0.333,0.8,0.8,1.0,0.6,1.8,0.2,0.0,0.6,4.6,0
A.J. Green,greenaj01,2026,MIL,SG,26.0,78,68.0,29.1,3.4,7.9,0.424,3.0,7.1,0.419,0.7,0.8,0.855,2.7,1.9,0.5,0.1,1.0,10.4,1
Aaron Gordon,gordoaa01,2026,DEN,PF,30.0,36,33.0,27.9,5.5,11.1,0.497,1.7,4.4,0.389,3.5,4.5,0.767,5.8,2.7,0.6,0.3,1.1,16.2,1
Aaron Nesmith,nesmiaa01,2026,IND,SF,26.0,45,42.0,29.7,4.7,11.4,0.414,2.3,6.2,0.379,2.0,2.5,0.829,4.2,1.9,0.6,0.5,1.4,13.8,1
Aaron Wiggins,wiggiaa01,2026,OKC,SG,27.0,65,21.0,21.8,3.6,8.2,0.431,1.5,4.2,0.356,0.8,1.1,0.736,3.1,1.7,0.9,0.4,1.2,9.4,1
Ace Bailey,baileac01,2026,UTA,SF,19.0,72,61.0,27.6,5.5,12.4,0.443,1.9,5.5,0.344,0.9,1.2,0.75,4.2,1.8,0.8,0.7,1.5,13.8,1
Adama-Alpha Bal,balad01,2026,MEM,SG,22.0,8,1.0,30.1,3.5,8.5,0.412,2.3,5.5,0.409,1.1,1.3,0.9,3.1,2.4,1.1,0.1,0.8,10.4,1
Ajay Mitchell,mitchaj01,2026,OKC,SG,23.0,57,16.0,25.8,5.0,10.4,0.485,1.1,3.1,0.347,2.5,2.8,0.87,3.3,3.6,1.2,0.3,1.4,13.6,1
Al Horford,horfoal01,2026,GSW,C,39.0,45,13.0,21.5,3.1,7.2,0.426,1.6,4.6,0.361,0.5,0.6,0.846,4.9,2.6,0.7,1.1,0.9,8.3,1
Alex Caruso,carusal01,2026,OKC,SG,31.0,56,0.0,18.2,2.3,5.4,0.423,0.9,3.2,0.293,0.7,0.9,0.804,2.8,2.0,1.3,0.3,0.9,6.2,1
Andrew Wiggins,wiggian01,2026,MIA,SF,30.0,68,68.0,30.3,5.7,12.1,0.475,2.0,4.9,0.414,1.9,2.4,0.784,4.8,2.7,1.1,1.0,1.5,15.4,1
Anfernee Simons,simonan01,2026,2TM,SG,26.0,55,5.0,24.9,5.2,11.8,0.44,2.7,6.9,0.385,1.3,1.4,0.896,2.5,2.4,0.5,0.1,1.2,14.3,1
Ayo Dosunmu,dosunay01,2026,2TM,SG,26.0,69,19.0,27.3,5.6,10.8,0.517,1.8,4.1,0.439,1.8,2.1,0.876,3.4,3.6,0.8,0.3,1.4,14.8,1
Ben Saraf,sarafbe01,2026,BRK,SG,19.0,44,11.0,20.8,2.7,6.9,0.396,0.4,2.0,0.211,1.7,2.0,0.83,2.1,3.3,0.9,0.2,2.3,7.5,1
Ben Sheppard,sheppbe01,2026,IND,SG,24.0,65,20.0,21.4,2.6,6.0,0.434,1.3,3.6,0.362,0.6,0.8,0.765,3.0,1.8,0.6,0.1,0.6,7.1,1
Bez Mbeng,mbengbe01,2026,UTA,SG,22.0,15,5.0,32.8,3.3,6.7,0.5,0.4,2.1,0.194,1.1,1.7,0.64,3.8,4.1,2.3,0.3,1.5,8.1,1
Bilal Coulibaly,coulibi01,2026,WAS,SG,21.0,56,56.0,26.2,4.1,9.7,0.425,1.2,3.6,0.319,2.4,3.2,0.746,4.3,2.6,1.3,1.0,1.4,11.7,1
Blake Hinson,hinsobl01,2026,UTA,SF,26.0,14,3.0,20.4,4.2,8.2,0.513,2.6,5.6,0.468,0.9,1.1,0.75,2.4,1.1,0.4,0.1,0.4,11.9,1
Bobby Portis,portibo01,2026,MIL,PF,30.0,67,9.0,24.2,5.5,11.2,0.488,2.0,4.4,0.456,0.7,1.0,0.706,6.4,1.6,0.6,0.2,1.0,13.7,1
Bogdan Bogdanović,bogdabo01,2026,LAC,SG,33.0,23,3.0,19.7,2.6,6.6,0.388,1.4,4.1,0.347,0.9,1.1,0.8,2.6,2.2,0.4,0.1,1.2,7.4,1
Bones Hyland,hylanbo01,2026,MIN,PG,25.0,71,3.0,16.6,3.0,6.6,0.453,1.6,4.2,0.388,0.9,1.2,0.78,1.8,2.6,0.6,0.2,1.0,8.5,1
Bradley Beal,bealbr01,2026,LAC,SG,32.0,6,6.0,20.2,3.0,8.0,0.375,1.2,3.2,0.368,1.0,1.3,0.75,0.8,1.7,0.5,0.0,1.5,8.2,1
Brandin Podziemski,podzibr01,2026,GSW,SG,22.0,82,43.0,28.5,4.8,10.6,0.455,1.9,5.0,0.371,2.3,2.9,0.797,5.1,3.7,1.1,0.2,1.6,13.8,1
Brandon Williams,willibr03,2026,DAL,PG,26.0,66,15.0,22.2,4.4,9.3,0.472,0.5,2.3,0.232,3.7,4.6,0.793,2.9,3.9,0.9,0.3,1.9,13.0,1
Brice Sensabaugh,sensabr01,2026,UTA,SF,22.0,75,22.0,23.5,5.3,11.4,0.46,2.2,5.9,0.367,2.2,2.7,0.826,3.1,1.9,0.7,0.2,1.7,14.9,1
Brook Lopez,lopezbr01,2026,LAC,C,37.0,75,40.0,21.8,3.1,7.2,0.428,1.5,4.2,0.36,0.7,1.0,0.757,3.6,1.3,0.6,1.2,0.8,8.5,1
Bruce Brown,brownbr01,2026,DEN,SG,29.0,82,4.0,24.4,3.0,6.4,0.475,0.7,1.8,0.385,1.2,1.5,0.762,3.9,2.1,1.0,0.2,1.1,7.9,1
Bryce McGowens,mcgowbr01,2026,NOP,SG,23.0,42,13.0,21.0,2.7,5.6,0.481,0.9,2.2,0.409,1.8,2.3,0.779,2.1,1.5,0.6,0.2,0.4,8.1,1
Bub Carrington,carrica01,2026,WAS,PG,20.0,82,48.0,27.7,3.8,9.0,0.424,2.1,5.0,0.408,1.0,1.4,0.73,3.4,4.6,0.6,0.2,2.3,10.7,1
Buddy Hield,hieldbu01,2026,2TM,SG,33.0,51,3.0,16.1,2.8,6.4,0.437,1.5,4.2,0.349,0.6,0.7,0.811,2.3,1.4,0.8,0.2,0.9,7.6,1
Caleb Love,loveca01,2026,POR,SG,24.0,49,1.0,20.7,3.9,10.0,0.388,1.9,6.0,0.318,0.7,1.0,0.735,2.3,2.5,0.6,0.1,1.3,10.4,1
Cam Spencer,spencca01,2026,MEM,SG,25.0,72,20.0,23.8,3.7,7.7,0.473,2.0,4.5,0.449,1.8,1.9,0.94,2.5,5.6,0.7,0.2,1.3,11.1,1
Cam Thomas,thomaca02,2026,2TM,SG,24.0,42,8.0,21.0,4.5,11.0,0.41,1.2,4.0,0.31,3.3,4.0,0.811,1.7,2.6,0.2,0.1,1.8,13.5,1
Cam Whitmore,whitmca01,2026,WAS,SF,21.0,21,0.0,16.9,3.7,8.0,0.456,0.8,2.7,0.286,1.1,1.5,0.742,2.8,0.7,0.7,0.4,0.9,9.2,1
Cameron Johnson,johnsca02,2026,DEN,SF,29.0,54,54.0,30.5,4.2,8.8,0.48,2.0,4.7,0.43,1.7,2.1,0.839,3.8,2.4,0.7,0.4,0.9,12.2,1
Cameron Payne,payneca01,2026,PHI,PG,31.0,22,1.0,17.0,2.5,6.8,0.376,1.5,4.4,0.33,0.9,1.0,0.864,2.0,2.6,1.1,0.3,0.5,7.4,1
Caris LeVert,leverca01,2026,DET,SG,31.0,60,0.0,19.2,2.7,6.5,0.417,1.0,3.0,0.333,1.0,1.4,0.679,2.0,2.7,0.9,0.7,1.4,7.4,1
Cason Wallace,wallaca01,2026,OKC,SG,22.0,77,58.0,26.6,3.3,7.6,0.432,1.3,3.7,0.351,0.7,0.9,0.809,3.1,2.6,1.9,0.4,0.9,8.6,1
Cedric Coward,cowarce01,2026,MEM,SG,22.0,62,47.0,25.8,4.9,10.5,0.471,1.5,4.4,0.338,2.3,2.7,0.843,5.9,2.8,0.6,0.4,1.7,13.6,1
Christian Braun,braunch01,2026,DEN,SG,24.0,44,44.0,31.8,4.6,8.8,0.519,1.0,3.3,0.301,1.8,2.3,0.782,4.8,2.7,0.7,0.3,1.0,12.0,1
Cody Williams,willico04,2026,UTA,SG,21.0,67,41.0,24.3,3.6,7.6,0.468,0.4,2.0,0.214,1.3,1.8,0.706,3.0,2.0,0.8,0.4,1.1,8.8,1
Cole Anthony,anthoco01,2026,MIL,PG,25.0,35,0.0,15.1,2.8,6.6,0.424,0.6,2.1,0.306,0.5,0.7,0.615,2.5,3.5,0.6,0.3,1.9,6.7,1
Collin Gillespie,gilleco01,2026,PHO,PG,26.0,80,58.0,28.5,4.4,10.5,0.418,2.9,7.2,0.401,1.0,1.1,0.874,4.1,4.6,1.2,0.2,1.6,12.7,1
Collin Sexton,sextoco01,2026,2TM,SG,27.0,68,22.0,23.7,5.3,10.9,0.485,1.6,4.1,0.401,3.2,3.8,0.855,2.3,3.3,1.1,0.1,2.1,15.4,1
Corey Kispert,kispeco01,2026,2TM,SF,26.0,58,10.0,18.6,3.2,6.8,0.467,1.5,4.1,0.367,1.3,1.7,0.794,2.3,1.6,0.3,0.2,0.8,9.2,1
Cormac Ryan,ryanco01,2026,MIL,SG,27.0,11,2.0,24.6,4.8,9.3,0.52,2.5,5.4,0.458,2.2,2.4,0.923,2.5,1.7,1.0,0.3,1.5,14.3,1
D'Angelo Russell,russeda01,2026,DAL,PG,29.0,26,3.0,19.0,3.6,8.9,0.405,1.3,4.3,0.295,1.7,2.3,0.717,2.3,4.0,0.5,0.1,1.9,10.2,1
DaQuan Jeffries,jeffrda01,2026,SAC,SG,28.0,3,0.0,20.0,3.7,6.3,0.579,1.3,3.0,0.444,1.7,1.7,1.0,1.7,0.3,0.7,0.0,0.0,10.3,1
Daeqwon Plowden,plowdda01,2026,SAC,SG,27.0,32,7.0,26.4,3.8,8.7,0.43,1.9,5.8,0.333,1.3,1.5,0.857,3.0,1.3,0.7,0.2,0.8,10.8,1
Daniss Jenkins,jenkida01,2026,DET,PG,24.0,72,19.0,20.2,3.2,7.9,0.408,1.0,2.7,0.374,1.9,2.2,0.832,2.3,3.9,0.9,0.2,1.6,9.3,1
Danny Wolf,wolfda01,2026,BRK,PF,21.0,57,15.0,20.8,3.1,7.7,0.405,1.2,3.7,0.322,1.5,1.9,0.771,4.9,2.2,0.5,0.6,1.3,8.9,1
Dariq Whitehead,whiteda01,2026,MEM,SF,21.0,6,2.0,30.5,6.2,15.5,0.398,3.2,10.0,0.317,0.8,1.2,0.714,4.0,1.5,0.7,0.0,1.7,16.3,1
David Roddy,roddyda01,2026,DEN,PF,24.0,5,0.0,14.6,3.0,6.0,0.5,0.6,2.2,0.273,1.4,1.4,1.0,4.0,0.8,0.8,0.2,0.4,8.0,1
Davion Mitchell,mitchda01,2026,MIA,PG,27.0,70,70.0,28.6,3.7,7.6,0.49,1.3,3.3,0.395,0.6,0.9,0.646,2.7,6.5,1.0,0.2,1.5,9.3,1
De'Andre Hunter,huntede01,2026,2TM,SF,28.0,45,25.0,26.1,4.6,11.1,0.415,1.7,5.5,0.305,2.8,3.2,0.867,4.1,2.0,0.7,0.1,1.7,13.7,1
De'Anthony Melton,meltode01,2026,GSW,PG,27.0,49,24.0,23.0,4.4,10.8,0.407,1.5,5.0,0.294,2.0,2.5,0.826,3.2,2.6,1.6,0.4,1.9,12.3,1
DeJon Jarreau,jarrede01,2026,MEM,SG,28.0,11,0.0,21.0,3.0,7.5,0.398,0.4,2.7,0.133,1.6,2.1,0.783,4.6,3.3,0.9,0.7,2.4,8.0,1
Dean Wade,wadede01,2026,CLE,PF,29.0,59,38.0,22.3,2.1,4.7,0.439,1.2,3.3,0.362,0.5,0.6,0.711,4.2,1.5,0.7,0.4,0.3,5.8,1
Dennis Schröder,schrode01,2026,2TM,PG,32.0,70,17.0,24.2,3.6,9.0,0.405,1.1,3.3,0.329,2.4,2.9,0.834,2.7,4.9,0.8,0.2,1.8,10.8,1
Derrick Jones Jr.,jonesde02,2026,LAC,SF,28.0,50,45.0,27.0,3.8,7.6,0.499,1.1,3.1,0.359,1.4,1.9,0.763,3.5,1.4,0.9,1.0,0.8,10.1,1
Devin Carter,cartede02,2026,SAC,PG,23.0,38,12.0,18.4,3.2,7.7,0.414,0.8,3.0,0.263,1.8,2.5,0.713,3.3,2.7,0.9,0.2,1.4,8.9,1
Devin Vassell,vassede01,2026,SAS,SG,25.0,67,65.0,30.5,4.9,11.3,0.437,2.5,6.4,0.384,1.6,1.9,0.815,4.0,2.5,0.9,0.4,0.9,13.9,1
Donte DiVincenzo,divindo01,2026,MIN,SG,29.0,82,82.0,30.4,4.1,10.2,0.406,3.0,7.9,0.379,1.0,1.3,0.743,4.1,3.8,1.3,0.4,1.4,12.2,1
Drake Powell,poweldr01,2026,BRK,SG,20.0,63,24.0,21.0,2.3,5.7,0.402,0.8,2.9,0.28,1.1,1.2,0.896,1.8,1.4,0.6,0.2,1.0,6.5,1
Draymond Green,greendr01,2026,GSW,PF,35.0,68,68.0,27.5,3.0,7.2,0.418,1.5,4.6,0.326,0.9,1.2,0.702,5.5,5.5,0.9,0.6,2.7,8.4,1
Dru Smith,smithdr01,2026,MIA,SG,28.0,70,1.0,16.3,1.9,4.6,0.415,0.5,1.8,0.295,1.2,1.5,0.829,2.5,2.6,1.4,0.3,0.8,5.6,1
Duncan Robinson,robindu01,2026,DET,SF,31.0,77,77.0,27.4,4.1,9.1,0.456,2.9,7.0,0.41,1.1,1.4,0.755,2.7,2.1,0.6,0.3,0.7,12.2,1
Dylan Harper,harpedy01,2026,SAS,SG,19.0,69,4.0,22.6,4.8,9.5,0.505,0.9,2.6,0.343,1.3,1.7,0.756,3.4,3.9,0.8,0.3,1.4,11.8,1
Egor Dёmin,demineg01,2026,BRK,PG,19.0,52,45.0,25.2,3.4,8.6,0.399,2.4,6.2,0.385,1.0,1.3,0.831,3.2,3.3,0.8,0.3,1.7,10.3,1
Elijah Harkless,harklej01,2026,UTA,SG,25.0,26,9.0,21.0,2.1,6.2,0.335,0.8,3.4,0.239,1.9,2.5,0.766,2.0,2.9,1.2,0.2,1.0,6.8,1
Ethan Thompson,thompet01,2026,IND,SG,26.0,32,13.0,20.4,2.3,6.1,0.378,1.2,3.6,0.328,1.2,1.5,0.787,2.2,1.8,0.6,0.3,0.8,7.0,1
GG Jackson II,jacksgg01,2026,MEM,PF,21.0,55,28.0,21.4,4.6,9.3,0.496,1.2,3.5,0.332,2.0,2.7,0.742,4.3,1.5,0.6,0.8,1.5,12.5,1
Gary Trent Jr.,trentga02,2026,MIL,SG,27.0,65,21.0,21.2,2.8,7.3,0.387,1.9,5.3,0.36,0.6,0.8,0.769,1.0,1.2,0.5,0.0,0.6,8.1,1
Grant Williams,willigr01,2026,CHO,PF,27.0,36,3.0,19.8,2.2,5.1,0.426,1.4,3.7,0.388,1.2,1.5,0.815,3.9,1.6,0.5,0.5,0.9,7.0,1
Gui Santos,santogu01,2026,GSW,PF,23.0,68,30.0,20.5,3.4,6.8,0.5,1.1,3.3,0.351,1.3,1.8,0.725,3.9,2.3,0.9,0.3,1.5,9.2,1
Harrison Barnes,barneha02,2026,SAS,PF,33.0,77,52.0,25.8,3.4,7.5,0.456,1.8,4.6,0.388,1.3,1.6,0.829,2.8,1.9,0.6,0.2,0.8,9.9,1
Herbert Jones,joneshe01,2026,NOP,SF,27.0,56,56.0,28.4,3.3,8.5,0.383,1.4,4.6,0.309,0.9,1.1,0.806,3.4,2.8,1.6,0.5,1.3,8.9,1
Isaac Okoro,okorois01,2026,CHI,SG,25.0,63,62.0,26.9,3.3,7.3,0.46,1.2,3.5,0.33,1.4,1.8,0.795,2.7,1.6,0.7,0.5,0.7,9.3,1
Isaiah Collier,colliis01,2026,UTA,PG,21.0,59,19.0,25.7,4.3,8.7,0.495,0.5,1.7,0.27,2.6,3.5,0.722,2.5,7.2,1.1,0.3,2.5,11.7,1
Isaiah Joe,joeis01,2026,OKC,SG,26.0,71,9.0,21.2,3.5,7.6,0.455,2.5,6.0,0.423,1.5,1.7,0.894,2.5,1.3,0.7,0.2,0.6,11.1,1
Ja'Kobe Walter,walteja01,2026,TOR,SG,21.0,72,19.0,20.5,2.5,5.6,0.446,1.5,3.7,0.409,1.0,1.3,0.789,2.6,1.2,1.0,0.2,0.5,7.5,1
Jabari Smith Jr.,smithja05,2026,HOU,PF,22.0,77,77.0,35.1,5.7,12.6,0.45,2.3,6.3,0.363,2.1,2.7,0.775,6.9,1.9,0.7,0.9,1.4,15.8,1
Jaden Hardy,hardyja02,2026,2TM,SG,23.0,57,4.0,15.8,3.2,7.5,0.424,1.8,4.6,0.397,1.0,1.3,0.733,1.5,1.0,0.3,0.1,1.1,9.2,1
Jaden Ivey,iveyja01,2026,2TM,SG,23.0,37,5.0,18.1,3.1,6.9,0.445,1.4,3.6,0.373,1.0,1.3,0.809,2.5,1.8,0.6,0.4,1.1,8.5,1
Jaden McDaniels,mcdanja02,2026,MIN,PF,25.0,73,73.0,31.7,5.7,11.1,0.515,1.4,3.4,0.412,2.0,2.4,0.835,4.2,2.7,1.1,1.0,1.8,14.8,1
Jahmai Mashack,mashaja01,2026,MEM,SG,23.0,31,7.0,21.7,2.5,6.3,0.395,0.6,2.4,0.253,0.6,1.1,0.543,2.6,2.2,1.2,0.5,1.6,6.2,1
Jaime Jaquez Jr.,jaqueja01,2026,MIA,SF,24.0,75,1.0,28.3,6.2,12.2,0.507,0.8,2.4,0.317,2.2,2.9,0.769,5.0,4.7,0.7,0.3,2.0,15.4,1
Jake LaRavia,laravja01,2026,LAL,PF,24.0,82,43.0,25.1,2.9,6.4,0.459,1.0,3.0,0.321,1.4,1.9,0.763,4.0,1.8,1.3,0.5,1.1,8.2,1
Jalen Slawson,slawsja01,2026,IND,SF,26.0,13,6.0,23.9,2.6,5.9,0.442,1.2,3.1,0.375,0.9,1.3,0.706,4.4,2.8,1.5,1.1,1.3,7.3,1
Jalen Smith,smithja04,2026,CHI,C,25.0,53,21.0,20.7,3.7,7.6,0.483,1.5,4.2,0.373,1.3,1.8,0.742,6.7,1.2,0.5,0.8,1.0,10.2,1
Jamal Shead,sheadja01,2026,TOR,PG,23.0,82,12.0,22.6,2.3,6.1,0.367,1.0,3.2,0.321,1.1,1.4,0.784,1.7,5.4,0.9,0.2,1.4,6.6,1
Jamir Watkins,watkija01,2026,WAS,SG,24.0,50,7.0,20.6,2.6,5.9,0.446,0.9,3.2,0.297,1.1,1.6,0.695,3.9,1.3,1.1,0.5,0.8,7.4,1
Jarace Walker,walkeja02,2026,IND,PF,22.0,76,41.0,25.7,4.0,9.6,0.419,1.8,4.7,0.374,1.8,2.4,0.749,5.1,2.5,0.8,0.3,1.8,11.6,1
Jared McCain,mccaija01,2026,2TM,SG,21.0,67,3.0,17.3,3.0,7.2,0.425,1.5,3.8,0.385,0.8,0.9,0.864,2.0,1.3,0.5,0.1,0.8,8.3,1
Javon Small,smallja01,2026,MEM,PG,23.0,41,12.0,20.2,3.3,7.0,0.465,1.5,3.5,0.423,1.7,2.0,0.829,3.1,3.7,0.8,0.2,1.4,9.7,1
Javonte Green,greenja02,2026,DET,SG,32.0,82,6.0,17.6,2.3,5.0,0.447,1.1,3.0,0.381,1.3,1.5,0.84,2.8,0.7,1.2,0.3,0.5,6.9,1
Jaylen Wells,wellsja01,2026,MEM,SG,22.0,69,69.0,26.4,4.4,10.1,0.431,1.9,5.3,0.353,1.9,2.5,0.784,3.2,1.6,0.9,0.1,1.1,12.5,1
Jaylin Williams,willija07,2026,OKC,PF,23.0,65,11.0,19.6,2.3,5.4,0.423,1.5,3.9,0.383,1.1,1.4,0.793,5.5,2.4,0.5,0.6,1.0,7.2,1
Jaylon Tyson,tysonja01,2026,CLE,SG,23.0,66,42.0,26.9,5.0,10.2,0.493,2.0,4.5,0.446,1.2,1.6,0.738,5.1,2.2,0.8,0.4,1.5,13.2,1
Jeremiah Fears,fearsje01,2026,NOP,PG,19.0,82,49.0,25.8,5.3,12.3,0.434,1.2,3.7,0.33,2.4,3.0,0.789,3.7,3.4,1.2,0.4,2.2,14.3,1
Jevon Carter,carteje01,2026,2TM,PG,30.0,53,1.0,16.4,2.3,5.8,0.401,1.5,4.1,0.363,0.3,0.4,0.789,1.7,1.6,0.8,0.2,0.7,6.4,1
Jock Landale,landajo01,2026,2TM,C,30.0,68,27.0,22.1,4.1,8.1,0.515,1.1,2.8,0.383,1.2,1.9,0.635,5.7,1.7,0.5,0.5,0.9,10.6,1
John Collins,collijo01,2026,LAC,PF,28.0,69,56.0,27.1,5.3,9.6,0.552,1.3,3.2,0.406,1.7,2.2,0.766,5.3,1.0,0.9,0.7,1.4,13.6,1
John Konchar,konchjo01,2026,2TM,SG,29.0,56,8.0,19.9,1.7,3.6,0.472,0.5,1.8,0.283,0.6,0.8,0.727,4.3,2.1,1.5,0.7,0.6,4.4,1
John Poulakidas,poulajo01,2026,DAL,SG,22.0,13,0.0,19.5,3.0,7.0,0.429,2.4,5.9,0.403,0.5,0.5,0.857,2.3,0.8,0.5,0.3,0.3,8.8,1
Jonathan Kuminga,kuminjo01,2026,2TM,PF,23.0,36,14.0,23.1,4.4,9.4,0.463,1.0,2.9,0.333,2.5,3.4,0.724,5.6,2.3,0.6,0.3,1.9,12.2,1
Jordan Clarkson,clarkjo01,2026,NYK,SG,33.0,72,1.0,17.8,3.3,7.3,0.451,1.0,3.0,0.327,1.1,1.3,0.83,1.8,1.3,0.4,0.1,0.9,8.6,1
Jordan Goodwin,goodwjo01,2026,PHO,PG,27.0,70,10.0,22.5,3.3,7.9,0.413,1.6,4.3,0.371,0.6,0.8,0.696,4.9,2.2,1.5,0.2,1.0,8.7,1
Jordan Miller,millejo02,2026,LAC,SF,26.0,60,1.0,22.1,3.5,6.7,0.531,0.6,1.8,0.345,2.3,2.9,0.777,3.0,2.3,0.8,0.2,1.1,10.0,1
Jordan Poole,poolejo01,2026,NOP,PG,26.0,39,8.0,23.9,4.2,11.4,0.372,2.5,7.4,0.333,2.5,2.9,0.86,2.0,3.1,0.6,0.4,1.8,13.4,1
Jose Alvarado,alvarjo01,2026,2TM,PG,27.0,69,3.0,19.9,2.7,6.5,0.416,1.5,4.2,0.352,0.5,0.7,0.761,2.5,3.4,1.0,0.1,1.1,7.4,1
Josh Hart,hartjo01,2026,NYK,SF,30.0,66,52.0,30.2,4.6,9.0,0.508,1.5,3.7,0.413,1.4,1.9,0.72,7.4,4.8,1.1,0.3,1.9,12.0,1
Josh Minott,minotjo01,2026,2TM,PF,23.0,49,11.0,17.0,2.6,5.1,0.5,1.3,3.1,0.418,1.0,1.2,0.787,3.2,0.9,0.9,0.5,0.9,7.4,1
Julian Champagnie,champju02,2026,SAS,SF,24.0,82,68.0,27.6,3.7,8.4,0.437,2.4,6.2,0.381,1.4,1.6,0.844,5.8,1.5,0.8,0.5,0.8,11.1,1
Justin Champagnie,champju01,2026,WAS,SF,24.0,69,19.0,20.0,3.4,6.7,0.502,0.8,2.4,0.319,1.2,1.5,0.784,5.6,1.2,0.9,0.6,0.7,8.7,1
Kadary Richmond,richmka01,2026,WAS,SG,24.0,3,0.0,22.3,3.3,5.3,0.625,0.7,1.3,0.5,1.0,1.0,1.0,3.3,2.7,2.7,0.3,0.7,8.3,1
Kasparas Jakučionis,jakucka01,2026,MIA,PG,19.0,53,12.0,17.8,1.9,4.5,0.429,1.2,2.9,0.423,1.1,1.2,0.879,2.6,2.6,0.6,0.1,0.9,6.2,1
Keldon Johnson,johnske04,2026,SAS,SF,26.0,82,0.0,23.3,5.0,9.7,0.519,1.2,3.3,0.363,1.9,2.4,0.794,5.4,1.4,0.6,0.1,0.9,13.2,1
Kelly Oubre Jr.,oubreke01,2026,PHI,SF,30.0,50,41.0,31.5,5.1,10.9,0.467,1.7,4.8,0.36,2.2,2.9,0.766,5.0,1.6,1.4,0.5,1.4,14.1,1
Kentavious Caldwell-Pope,caldwke01,2026,MEM,SG,32.0,51,14.0,21.3,2.9,7.2,0.41,1.1,3.4,0.316,1.4,1.6,0.913,2.5,2.7,0.8,0.2,1.2,8.4,1
Keon Ellis,elliske01,2026,2TM,SG,26.0,72,11.0,20.5,2.3,5.3,0.44,1.3,3.5,0.363,0.7,1.0,0.729,1.9,1.0,1.2,0.6,0.6,6.7,1
Kevin Huerter,huertke01,2026,2TM,SF,27.0,69,14.0,22.4,3.9,8.6,0.451,1.4,4.7,0.308,0.8,1.0,0.775,3.5,2.6,0.9,0.5,1.0,10.0,1
Kevin Love,loveke01,2026,UTA,PF,37.0,37,5.0,16.6,2.1,5.4,0.397,1.4,3.8,0.373,1.0,1.2,0.841,5.8,1.8,0.4,0.2,0.8,6.7,1
Khris Middleton,middlkh01,2026,2TM,SF,34.0,63,50.0,22.8,3.6,8.6,0.42,1.1,3.0,0.36,1.9,2.2,0.875,3.7,2.8,0.7,0.1,1.7,10.2,1
Killian Hayes,hayeski01,2026,SAC,PG,24.0,23,3.0,17.7,1.8,6.0,0.304,0.7,2.7,0.27,1.1,1.2,0.929,2.3,3.5,0.9,0.2,1.2,5.5,1
Klay Thompson,thompkl01,2026,DAL,SF,35.0,69,8.0,21.7,4.1,10.6,0.393,2.9,7.6,0.383,0.5,0.7,0.766,2.1,1.4,0.5,0.3,0.9,11.7,1
Kobe Sanders,sandeko01,2026,LAC,SG,23.0,68,16.0,19.9,2.6,5.6,0.466,1.2,2.9,0.408,0.8,1.0,0.826,2.3,1.6,0.7,0.1,1.2,7.3,1
Kris Dunn,dunnkr01,2026,LAC,PG,31.0,82,68.0,27.2,2.8,5.8,0.476,1.0,2.6,0.374,0.8,1.0,0.765,3.3,3.6,1.6,0.2,1.4,7.3,1
Kris Murray,murrakr01,2026,POR,SF,25.0,57,15.0,23.4,2.3,4.8,0.467,0.6,2.1,0.279,0.7,1.0,0.684,3.6,1.4,0.9,0.4,0.8,5.8,1
Kyle Filipowski,filipky01,2026,UTA,C,22.0,77,41.0,23.4,4.2,8.5,0.492,1.0,3.0,0.325,2.1,2.8,0.75,7.2,2.6,0.9,0.5,1.6,11.4,1
Kyle Kuzma,kuzmaky01,2026,MIL,PF,30.0,69,43.0,26.2,4.9,10.0,0.492,1.2,3.5,0.347,2.0,2.7,0.726,4.5,2.7,0.7,0.4,1.7,13.0,1
LJ Cryer,cryerlj01,2026,GSW,PG,24.0,18,1.0,16.2,2.6,6.5,0.402,2.1,5.2,0.394,0.9,1.1,0.895,1.6,1.0,0.2,0.0,0.8,8.2,1
Landry Shamet,shamela01,2026,NYK,SG,28.0,51,12.0,23.0,3.1,7.1,0.437,2.0,5.2,0.392,1.1,1.5,0.711,1.8,1.4,0.6,0.2,0.6,9.3,1
Leaky Black,blackle01,2026,WAS,SF,26.0,15,9.0,28.9,2.7,6.9,0.388,1.3,3.7,0.345,0.5,0.5,0.875,5.0,1.5,1.2,0.5,0.9,7.1,1
Lonzo Ball,balllo01,2026,CLE,PG,28.0,35,3.0,20.8,1.5,5.0,0.301,1.1,4.2,0.272,0.4,0.6,0.667,4.0,3.9,1.3,0.3,1.5,4.6,1
Lucas Williamson,willilu01,2026,MEM,SG,27.0,7,2.0,32.0,3.6,10.7,0.333,2.1,7.6,0.283,1.1,1.1,1.0,5.4,2.6,1.6,0.1,1.4,10.4,1
Luguentz Dort,dortlu01,2026,OKC,SF,26.0,69,69.0,26.8,2.9,7.6,0.385,1.9,5.4,0.344,0.6,0.8,0.759,3.6,1.2,0.9,0.4,0.8,8.3,1
Luke Kennard,kennalu01,2026,2TM,SG,29.0,78,6.0,21.6,3.0,5.7,0.533,1.5,3.1,0.478,0.8,0.9,0.913,2.3,2.2,0.7,0.1,0.8,8.4,1
Malachi Smith,smithma02,2026,BRK,SG,26.0,15,4.0,23.9,3.2,6.6,0.485,1.3,3.1,0.435,0.5,0.5,1.0,3.4,3.3,0.8,0.3,0.9,8.3,1
Malik Monk,monkma01,2026,SAC,SG,27.0,62,3.0,22.0,4.5,10.2,0.438,2.0,5.1,0.395,1.5,1.7,0.879,1.9,3.0,0.6,0.4,1.5,12.5,1
Marcus Smart,smartma01,2026,LAL,SG,31.0,62,54.0,28.5,3.0,7.7,0.395,1.6,4.7,0.331,1.7,2.1,0.822,2.8,3.0,1.4,0.4,1.5,9.3,1
Matisse Thybulle,thybuma01,2026,POR,SG,28.0,30,0.0,16.0,1.9,4.5,0.433,1.2,3.1,0.398,0.7,0.8,0.84,2.0,0.9,2.0,0.5,0.9,5.8,1
Max Christie,chrisma02,2026,DAL,SG,22.0,77,68.0,29.1,4.2,9.4,0.441,2.3,5.8,0.404,1.6,1.8,0.899,3.2,2.0,0.6,0.4,1.2,12.3,1
Max Strus,strusma01,2026,CLE,SF,29.0,12,5.0,24.0,3.9,8.8,0.443,2.8,6.8,0.402,0.6,0.8,0.778,5.4,2.0,0.3,0.0,0.8,11.2,1
Micah Potter,pottemi01,2026,IND,C,27.0,47,7.0,19.3,3.2,6.2,0.515,1.5,3.6,0.423,1.8,2.1,0.842,5.0,1.5,0.5,0.3,1.0,9.7,1
Mikal Bridges,bridgmi01,2026,NYK,SF,29.0,82,82.0,32.8,5.8,11.7,0.49,1.9,5.1,0.371,1.0,1.2,0.827,3.8,3.7,1.3,0.8,1.0,14.4,1
Miles McBride,mcbrimi01,2026,NYK,SG,25.0,41,15.0,26.3,4.2,9.9,0.423,2.7,6.6,0.413,0.9,1.1,0.787,2.4,2.6,0.9,0.2,0.8,12.0,1
Moses Moody,moodymo01,2026,GSW,SG,23.0,60,49.0,25.7,4.1,9.3,0.44,2.5,6.3,0.401,1.5,1.9,0.77,3.3,1.6,1.0,0.6,1.0,12.1,1
Mouhamadou Gueye,gueyemo01,2026,CHI,PF,27.0,2,0.0,22.5,3.0,5.5,0.545,0.5,2.5,0.2,1.5,2.0,0.75,3.0,3.0,1.0,0.5,1.5,8.0,1
Myles Turner,turnemy01,2026,MIL,C,29.0,71,71.0,26.9,4.0,9.1,0.44,2.1,5.4,0.383,1.8,2.5,0.74,5.3,1.5,0.7,1.6,1.2,11.9,1
Naji Marshall,marshna01,2026,DAL,SF,28.0,74,47.0,29.5,5.7,11.1,0.51,0.8,2.9,0.291,3.1,4.1,0.76,4.7,3.3,1.1,0.1,1.6,15.2,1
Naz Reid,reidna01,2026,MIN,C,26.0,77,3.0,26.1,5.2,11.3,0.456,2.1,5.8,0.362,1.2,1.6,0.732,6.2,2.2,1.0,1.0,1.6,13.6,1
Nikola Jović,jovicni01,2026,MIA,PF,22.0,47,1.0,17.2,2.4,6.7,0.366,1.0,3.6,0.269,1.5,2.1,0.683,3.3,2.2,0.6,0.4,1.4,7.3,1
Nikola Vučević,vucevni01,2026,2TM,C,35.0,64,49.0,28.4,6.2,12.5,0.493,1.6,4.2,0.369,1.2,1.5,0.828,8.4,3.3,0.6,0.6,1.3,15.1,1
Nique Clifford,cliffni01,2026,SAC,SG,23.0,75,28.0,25.1,3.3,7.9,0.418,1.0,3.1,0.333,0.9,1.3,0.722,3.8,2.4,0.9,0.3,1.5,8.6,1
Noah Clowney,clownno01,2026,BRK,PF,21.0,66,60.0,27.0,3.8,9.6,0.396,2.0,5.9,0.329,2.7,3.4,0.804,4.1,1.6,0.8,0.7,1.5,12.3,1
Nolan Traoré,traorno01,2026,BRK,PG,19.0,56,31.0,22.2,3.3,8.6,0.38,1.1,3.4,0.318,1.3,1.7,0.787,1.8,3.8,0.8,0.4,2.3,8.9,1
Obi Toppin,toppiob01,2026,IND,PF,27.0,24,3.0,17.7,4.2,8.3,0.503,1.5,4.4,0.352,1.8,1.9,0.913,4.4,2.3,0.5,0.0,1.2,11.6,1
Olivier-Maxence Prosper,prospol01,2026,MEM,PF,23.0,53,24.0,18.6,3.6,6.6,0.549,1.1,2.8,0.405,1.6,2.2,0.754,3.5,1.0,0.8,0.2,0.9,10.0,1
Ousmane Dieng,diengou01,2026,2TM,C,22.0,57,20.0,19.3,2.9,7.0,0.422,1.1,3.2,0.341,0.6,0.8,0.711,3.2,2.4,0.4,0.3,1.3,7.6,1
Pat Spencer,spencpa01,2026,GSW,PG,29.0,66,14.0,18.6,2.8,6.6,0.427,0.9,2.5,0.357,0.7,0.9,0.772,2.4,3.5,0.7,0.1,1.3,7.2,1
Patrick Williams,willipa01,2026,CHI,PF,24.0,72,6.0,20.5,2.5,6.6,0.372,1.3,3.8,0.347,0.8,1.0,0.72,3.0,1.5,0.7,0.4,1.0,7.0,1
Payton Pritchard,pritcpa01,2026,BOS,PG,28.0,79,50.0,32.4,6.4,13.8,0.464,2.7,7.1,0.377,1.5,1.7,0.89,3.9,5.2,0.7,0.1,1.4,17.0,1
Pelle Larsson,larsspe01,2026,MIA,SG,24.0,70,54.0,26.4,4.0,8.0,0.496,0.9,2.7,0.323,2.6,3.3,0.797,3.5,3.4,0.7,0.2,1.4,11.4,1
Peyton Watson,watsope01,2026,DEN,SF,23.0,54,40.0,29.6,5.3,10.8,0.491,1.5,3.6,0.411,2.6,3.5,0.73,4.9,2.1,0.9,1.1,1.7,14.6,1
Quentin Grimes,grimequ01,2026,PHI,SG,25.0,75,19.0,29.4,4.5,10.1,0.45,1.7,5.1,0.334,2.7,3.2,0.84,3.6,3.3,0.9,0.4,1.8,13.4,1
Quenton Jackson,jacksqu01,2026,IND,PG,27.0,49,19.0,18.3,3.1,6.7,0.47,0.9,2.4,0.356,2.0,2.4,0.824,2.3,2.9,0.6,0.1,1.3,9.1,1
Quinten Post,postqu01,2026,GSW,PF,25.0,67,35.0,17.3,2.9,6.6,0.44,1.4,4.1,0.336,0.5,0.6,0.791,4.0,1.4,0.4,0.5,0.8,7.7,1
Reed Sheppard,sheppre01,2026,HOU,SG,21.0,82,21.0,26.2,5.0,11.5,0.43,2.8,7.0,0.394,0.8,1.0,0.802,2.9,3.4,1.5,0.7,1.5,13.5,1
Ron Holland,hollaro01,2026,DET,SF,20.0,78,5.0,19.9,3.0,7.0,0.432,0.6,2.5,0.253,1.5,1.9,0.805,4.0,1.2,1.2,0.3,1.2,8.2,1
Royce O'Neale,onealro01,2026,PHO,SF,32.0,78,67.0,28.4,3.4,8.0,0.421,2.7,6.7,0.408,0.3,0.5,0.711,4.8,2.7,1.1,0.4,1.3,9.8,1
Rui Hachimura,hachiru01,2026,LAL,PF,27.0,68,41.0,28.3,4.5,8.8,0.514,1.7,3.9,0.443,0.7,1.1,0.694,3.3,0.8,0.6,0.3,0.6,11.5,1
Ryan Nembhard,nembhry01,2026,DAL,PG,22.0,60,27.0,19.5,2.7,6.5,0.415,0.8,2.3,0.356,0.4,0.5,0.806,2.2,5.3,0.4,0.0,1.4,6.6,1
Sam Hauser,hausesa01,2026,BOS,PF,28.0,78,49.0,24.8,3.2,7.7,0.419,2.5,6.5,0.393,0.2,0.3,0.85,3.8,1.5,0.5,0.3,0.4,9.2,1
Sam Merrill,merrisa01,2026,CLE,SG,29.0,52,38.0,26.5,4.3,9.3,0.461,3.0,7.2,0.421,1.1,1.3,0.855,2.6,2.4,0.6,0.1,0.8,12.8,1
Sandro Mamukelashvili,mamuksa01,2026,TOR,C,26.0,80,13.0,21.9,4.1,7.9,0.523,1.4,3.7,0.389,1.5,2.0,0.747,4.9,1.9,0.8,0.5,0.8,11.2,1
Santi Aldama,aldamsa01,2026,MEM,PF,25.0,43,11.0,27.9,5.3,11.1,0.479,1.6,4.7,0.35,1.8,2.7,0.667,6.7,2.9,0.9,0.7,1.3,14.0,1
Scoot Henderson,hendesc01,2026,POR,PG,21.0,30,10.0,24.9,4.8,11.4,0.418,1.9,5.4,0.352,2.8,3.3,0.84,2.7,3.7,0.9,0.3,2.4,14.2,1
Scotty Pippen Jr.,pippesc02,2026,MEM,PG,25.0,10,6.0,21.2,4.3,9.6,0.448,1.0,3.2,0.313,1.8,2.3,0.783,2.2,4.7,1.9,0.4,2.7,11.4,1
Sharife Cooper,coopesh01,2026,WAS,PG,24.0,41,1.0,17.1,3.1,6.0,0.514,0.7,1.9,0.382,1.2,1.5,0.833,2.1,3.0,0.4,0.1,1.5,8.1,1
Simone Fontecchio,fontesi01,2026,MIA,SF,30.0,70,9.0,16.8,2.8,6.7,0.412,1.8,4.7,0.375,1.2,1.5,0.843,3.0,1.4,0.5,0.1,0.7,8.5,1
Sion James,jamessi01,2026,CHO,SG,23.0,82,19.0,22.5,1.7,4.5,0.371,1.0,2.9,0.352,1.0,1.2,0.837,3.5,2.0,0.6,0.2,0.8,5.4,1
Svi Mykhailiuk,mykhasv01,2026,UTA,SF,28.0,50,41.0,23.1,3.5,7.2,0.478,2.0,4.8,0.408,0.5,0.6,0.893,2.5,1.9,0.5,0.1,0.8,9.4,1
T.J. McConnell,mccontj01,2026,IND,PG,33.0,56,4.0,17.2,4.3,8.0,0.538,0.3,0.9,0.32,0.4,0.5,0.862,2.2,5.1,1.0,0.2,1.1,9.4,1
Tari Eason,easonta01,2026,HOU,PF,24.0,60,34.0,25.8,4.0,9.7,0.416,1.6,4.3,0.358,0.9,1.1,0.776,6.3,1.5,1.2,0.5,1.4,10.5,1
Taurean Prince,princta02,2026,MIL,SF,31.0,26,7.0,23.5,3.3,7.3,0.45,2.3,5.4,0.436,0.2,0.2,1.0,3.1,1.8,0.6,0.2,1.2,9.2,1
Taylor Hendricks,hendrta01,2026,2TM,PF,22.0,59,17.0,18.9,2.8,6.0,0.459,1.1,3.1,0.342,0.8,1.2,0.681,3.7,0.9,0.8,0.5,0.8,7.4,1
Terance Mann,mannte01,2026,BRK,SG,29.0,63,51.0,24.3,2.7,5.8,0.457,0.9,2.4,0.364,1.0,1.3,0.788,3.2,3.0,0.7,0.2,1.1,7.2,1
Tim Hardaway Jr.,hardati02,2026,DEN,SG,33.0,80,6.0,26.6,4.4,9.7,0.447,2.8,6.9,0.407,2.0,2.5,0.811,2.6,1.4,0.5,0.1,0.5,13.5,1
Tobias Harris,harrito02,2026,DET,PF,33.0,63,63.0,27.7,4.9,10.5,0.469,1.3,3.5,0.368,2.2,2.5,0.866,5.1,2.5,0.9,0.4,1.0,13.3,1
Toby Okani,okanito01,2026,MEM,SG,24.0,6,4.0,36.2,4.2,11.7,0.357,1.5,5.2,0.29,0.2,1.3,0.125,3.5,1.0,0.7,0.5,0.5,10.0,1
Toumani Camara,camarto01,2026,POR,PF,25.0,82,82.0,33.3,4.8,10.9,0.44,2.7,7.2,0.37,1.2,1.7,0.708,5.1,2.5,1.1,0.4,1.8,13.4,1
Tre Johnson,johnstr03,2026,WAS,SG,19.0,60,42.0,24.1,4.5,10.8,0.419,1.9,5.4,0.358,1.3,1.5,0.874,2.8,2.0,0.6,0.3,1.6,12.2,1
Tre Jones,jonestr01,2026,CHI,PG,26.0,65,41.0,27.0,5.2,9.5,0.553,0.6,2.0,0.315,2.9,3.5,0.841,3.1,5.4,1.2,0.2,1.4,14.1,1
Tre Scott,scotttr01,2026,BRK,PF,29.0,6,4.0,30.3,3.2,8.3,0.38,1.0,3.2,0.316,0.7,1.0,0.667,5.2,1.7,1.3,0.8,0.7,8.0,1
Tristan Da Silva,dasiltr01,2026,ORL,SF,24.0,77,34.0,24.7,3.6,8.1,0.45,1.6,4.2,0.374,1.1,1.2,0.884,3.7,1.6,0.9,0.3,0.9,9.9,1
Tristan Vukcevic,vukcetr01,2026,WAS,C,22.0,49,12.0,13.7,3.1,6.5,0.479,1.0,2.9,0.347,1.8,2.3,0.784,3.0,1.1,0.5,0.7,1.3,9.0,1
Tristen Newton,newtotr01,2026,HOU,SG,24.0,1,0.0,12.0,4.0,9.0,0.444,2.0,5.0,0.4,2.0,3.0,0.667,3.0,0.0,1.0,0.0,0.0,12.0,1
Tyler Burton,burtoty01,2026,MEM,SF,25.0,12,0.0,25.6,3.5,9.3,0.375,1.8,5.5,0.333,1.9,2.3,0.852,4.2,1.0,0.9,0.3,0.9,10.8,1
Tyson Etienne,etienty01,2026,BRK,PG,26.0,24,2.0,15.8,2.4,6.0,0.4,1.8,4.5,0.398,1.3,1.5,0.833,1.1,1.7,0.5,0.0,0.7,7.9,1
Vince Williams Jr.,willivi01,2026,2TM,SG,25.0,40,12.0,20.5,2.6,7.3,0.353,1.4,4.4,0.311,1.0,1.3,0.78,3.9,4.2,0.7,0.4,1.8,7.5,1
Vít Krejčí,krejcvi01,2026,2TM,PG,25.0,65,8.0,21.4,3.0,6.6,0.448,2.0,5.0,0.39,0.6,0.8,0.745,2.3,1.5,0.7,0.3,0.6,8.5,1
Walter Clayton,claytwa01,2026,2TM,PG,22.0,69,6.0,20.4,2.6,6.7,0.384,1.1,3.5,0.307,1.6,1.8,0.901,2.0,4.0,0.6,0.3,1.7,7.8,1
Will Richard,richawi02,2026,GSW,SG,23.0,69,21.0,20.0,2.3,5.0,0.468,1.0,3.1,0.335,0.7,0.8,0.852,2.5,1.3,1.2,0.1,0.8,6.4,1
Will Riley,rileywi01,2026,WAS,SF,19.0,74,18.0,22.1,3.7,8.4,0.439,1.1,3.3,0.316,1.9,2.4,0.8,2.9,2.0,0.7,0.1,1.3,10.3,1
Zaccharie Risacher,risacza01,2026,ATL,SF,20.0,67,46.0,22.4,3.6,8.0,0.455,1.4,3.9,0.368,0.9,1.3,0.644,3.8,1.1,0.9,0.5,0.9,9.6,1
Ziaire Williams,willizi02,2026,BRK,SF,24.0,56,13.0,22.9,3.3,7.7,0.425,1.5,4.5,0.343,2.1,2.5,0.85,2.4,1.1,1.4,0.4,1.1,10.2,1
Adem Bona,bonaad01,2026,PHI,C,22.0,71,18.0,17.4,1.8,3.1,0.595,0.0,0.1,0.333,1.1,1.6,0.708,4.3,0.5,0.4,1.2,0.8,4.8,2
Alex Sarr,sarral01,2026,WAS,C,20.0,48,48.0,27.2,6.6,13.7,0.482,1.0,3.1,0.333,2.1,3.0,0.692,7.4,2.7,0.8,2.0,1.7,16.3,2
Alondes Williams,willial06,2026,WAS,SG,26.0,4,0.0,25.3,4.0,6.5,0.615,1.3,3.5,0.357,1.8,2.0,0.875,6.3,3.0,0.8,0.8,1.3,11.0,2
Andersson Garcia,garcian01,2026,UTA,SF,25.0,5,2.0,33.8,1.8,5.8,0.31,0.2,2.6,0.077,1.4,1.8,0.778,8.4,2.8,1.6,0.8,1.4,5.2,2
Andre Drummond,drumman01,2026,PHI,C,32.0,63,25.0,19.5,2.5,5.3,0.472,0.5,1.4,0.356,0.8,1.3,0.631,8.4,1.3,0.6,0.8,1.0,6.4,2
Anthony Davis,davisan02,2026,DAL,PF,32.0,20,20.0,31.3,8.5,16.7,0.506,0.5,1.9,0.27,3.0,4.1,0.728,11.1,2.8,1.1,1.7,2.1,20.4,2
Ausar Thompson,thompau01,2026,DET,SF,23.0,73,72.0,26.0,4.2,7.9,0.525,0.1,0.3,0.25,1.5,2.6,0.571,5.7,3.1,2.0,0.9,1.5,9.9,2
Chaney Johnson,johnsch06,2026,BRK,SF,23.0,17,1.0,20.5,3.0,5.5,0.543,0.5,1.8,0.3,1.6,2.1,0.8,4.6,2.1,0.9,0.5,1.2,8.2,2
Charles Bassey,bassech01,2026,4TM,C,25.0,13,0.0,11.8,2.4,3.6,0.66,0.0,0.0,,1.1,1.5,0.7,4.4,0.5,0.3,0.8,0.5,5.8,2
Chet Holmgren,holmgch01,2026,OKC,PF,23.0,69,69.0,28.9,6.3,11.3,0.557,1.3,3.5,0.362,3.3,4.1,0.792,8.9,1.7,0.6,1.9,1.6,17.1,2
Collin Murray-Boyles,murraco01,2026,TOR,PF,20.0,57,22.0,21.9,3.5,6.0,0.579,0.3,0.9,0.34,1.2,1.9,0.657,5.0,1.9,0.9,0.9,1.0,8.5,2
Daniel Gafford,gaffoda01,2026,DAL,C,27.0,55,44.0,21.7,3.8,5.7,0.655,0.0,0.0,,2.0,2.9,0.683,6.9,1.1,0.8,1.3,1.1,9.5,2
Day'Ron Sharpe,sharpda01,2026,BRK,C,24.0,62,7.0,18.7,3.5,5.7,0.601,0.1,0.6,0.231,1.7,2.5,0.678,6.7,2.3,1.1,0.4,1.7,8.7,2
DeAndre Jordan,jordade01,2026,NOP,C,37.0,12,7.0,16.6,1.8,2.7,0.656,0.0,0.0,,0.9,1.4,0.647,6.3,0.9,0.3,0.8,0.8,4.4,2
Deandre Ayton,aytonde01,2026,LAL,C,27.0,72,72.0,27.2,5.6,8.3,0.671,0.0,0.0,,1.3,2.0,0.645,8.0,0.8,0.6,1.0,1.2,12.5,2
Dereck Lively II,livelde01,2026,DAL,C,21.0,7,4.0,16.4,1.6,2.6,0.611,0.0,0.0,,1.1,1.4,0.8,5.3,1.9,0.6,1.6,1.4,4.3,2
Derik Queen,queende01,2026,NOP,C,21.0,81,48.0,25.0,4.4,9.2,0.473,0.3,1.1,0.261,2.7,3.4,0.795,7.1,3.7,1.0,0.9,2.3,11.7,2
Domantas Sabonis,sabondo01,2026,SAC,C,29.0,19,15.0,29.7,6.3,11.6,0.543,0.3,1.4,0.185,2.9,4.1,0.727,11.4,4.1,0.9,0.2,2.7,15.8,2
Dominick Barlow,barlodo01,2026,PHI,PF,22.0,71,59.0,23.8,3.0,5.6,0.539,0.3,1.2,0.256,1.3,1.8,0.718,4.8,1.2,0.9,0.7,0.8,7.7,2
Donovan Clingan,clingdo01,2026,POR,C,21.0,77,77.0,27.2,4.6,8.9,0.52,1.1,3.2,0.341,1.8,2.6,0.68,11.6,2.1,0.6,1.7,1.2,12.1,2
Dylan Cardwell,cardwdy01,2026,SAC,C,24.0,44,1.0,20.6,2.4,4.1,0.587,0.0,0.1,0.5,0.6,1.2,0.51,7.5,1.4,0.7,1.5,0.9,5.4,2
Dyson Daniels,daniedy01,2026,ATL,SG,22.0,76,76.0,33.2,5.3,10.2,0.517,0.3,1.5,0.188,1.0,1.6,0.615,6.8,5.9,2.0,0.4,1.8,11.9,2
Evan Mobley,mobleev01,2026,CLE,PF,24.0,65,63.0,31.9,7.2,13.2,0.546,1.0,3.2,0.297,2.8,4.6,0.606,9.0,3.6,0.7,1.7,1.9,18.2,2
Goga Bitadze,bitadgo01,2026,ORL,C,26.0,64,3.0,15.2,2.4,3.5,0.676,0.0,0.2,0.182,1.1,1.5,0.711,5.0,1.3,0.6,1.0,0.7,5.9,2
Hayden Gray,grayha01,2026,UTA,,22.0,1,0.0,25.0,2.0,3.0,0.667,0.0,1.0,0.0,2.0,2.0,1.0,0.0,1.0,1.0,1.0,1.0,6.0,2
Isaiah Hartenstein,harteis01,2026,OKC,C,27.0,47,46.0,24.2,3.9,6.3,0.622,0.0,0.1,0.0,1.4,2.2,0.61,9.4,3.5,1.0,0.8,1.7,9.2,2
Isaiah Jackson,jacksis01,2026,2TM,C,24.0,55,14.0,16.5,2.7,4.3,0.637,0.0,0.1,0.0,1.2,1.9,0.648,5.3,0.9,0.7,0.9,1.1,6.7,2
Isaiah Stewart,stewais01,2026,DET,C,24.0,58,13.0,22.7,3.8,6.9,0.55,0.7,2.1,0.333,1.7,2.3,0.756,5.0,1.1,0.3,1.6,1.2,10.0,2
Ivica Zubac,zubaciv01,2026,2TM,C,28.0,48,47.0,30.1,6.0,10.0,0.598,0.0,0.0,,2.1,3.0,0.711,10.6,2.2,0.4,0.8,1.8,14.1,2
Jakob Poeltl,poeltja01,2026,TOR,C,30.0,46,44.0,25.0,4.7,6.7,0.7,0.0,0.0,,1.3,2.1,0.602,7.0,2.0,0.9,0.7,1.2,10.7,2
Jalen Duren,durenja01,2026,DET,C,22.0,70,70.0,28.2,7.5,11.5,0.65,0.0,0.0,,4.6,6.1,0.747,10.5,2.0,0.8,0.8,1.9,19.5,2
Jarrett Allen,allenja01,2026,CLE,C,27.0,56,56.0,27.1,6.0,9.4,0.638,0.0,0.2,0.1,3.3,4.7,0.709,8.5,1.8,1.0,0.8,1.3,15.4,2
Jaxson Hayes,hayesja02,2026,LAL,C,25.0,66,9.0,18.3,3.0,4.0,0.756,0.0,0.0,1.0,1.5,2.3,0.653,4.1,0.9,0.4,0.8,0.5,7.5,2
Jay Huff,huffja01,2026,IND,C,27.0,82,47.0,21.0,3.5,7.5,0.476,1.5,4.5,0.319,1.0,1.2,0.828,4.0,1.5,0.5,1.9,0.9,9.5,2
Jericho Sims,simsje01,2026,MIL,C,27.0,67,19.0,19.7,2.2,2.8,0.784,0.0,0.0,,0.7,1.1,0.62,5.5,1.6,0.3,0.3,1.1,5.0,2
Jonas Valančiūnas,valanjo01,2026,DEN,C,33.0,65,6.0,13.4,3.5,6.0,0.582,0.1,0.4,0.308,1.6,2.1,0.772,5.1,1.2,0.2,0.6,1.1,8.7,2
Josh Oduro,odurojo01,2026,NOP,PF,25.0,3,1.0,27.3,3.7,5.7,0.647,0.0,0.7,0.0,1.0,2.0,0.5,7.7,1.3,0.0,0.0,0.7,8.3,2
Julian Reese,reeseju01,2026,WAS,PF,22.0,13,10.0,30.9,4.8,9.2,0.529,0.0,0.0,,2.2,3.4,0.636,10.5,1.8,1.4,0.6,2.5,11.8,2
Jusuf Nurkić,nurkiju01,2026,UTA,C,31.0,41,36.0,26.4,4.4,8.7,0.503,0.6,1.7,0.352,1.5,2.8,0.549,10.4,4.8,1.3,0.5,2.5,10.9,2
Keegan Murray,murrake02,2026,SAC,PF,25.0,23,22.0,34.5,5.5,13.0,0.42,1.3,4.9,0.277,1.7,2.1,0.776,5.7,1.7,1.0,1.6,1.2,14.0,2
Kel'el Ware,wareke01,2026,MIA,C,21.0,77,34.0,22.1,4.5,8.4,0.53,1.2,3.0,0.395,0.9,1.2,0.74,9.0,0.7,0.8,1.1,0.8,11.1,2
Kyle Anderson,anderky01,2026,3TM,SF,32.0,43,5.0,19.8,2.5,4.7,0.53,0.1,0.3,0.364,1.1,1.6,0.706,3.5,2.9,1.0,0.6,0.9,6.2,2
Lawson Lovering,loverla01,2026,MEM,C,22.0,2,1.0,24.5,3.0,5.0,0.6,0.0,0.0,,1.0,2.5,0.4,7.5,1.5,1.5,0.5,1.0,7.0,2
Luke Kornet,kornelu01,2026,SAS,C,30.0,68,25.0,21.0,2.6,4.0,0.643,0.0,0.0,,1.4,1.7,0.825,6.1,1.9,0.5,1.0,0.4,6.5,2
Mark Williams,willima07,2026,PHO,C,24.0,60,55.0,23.6,4.7,7.3,0.644,0.0,0.0,1.0,2.3,2.9,0.771,8.0,1.0,0.9,0.9,1.1,11.7,2
Marvin Bagley III,baglema01,2026,2TM,PF,26.0,60,12.0,20.0,4.2,6.9,0.618,0.4,0.9,0.462,1.6,2.4,0.66,6.1,1.4,0.5,0.7,1.0,10.5,2
Maxime Raynaud,raynama01,2026,SAC,C,22.0,74,56.0,26.5,5.2,9.1,0.571,0.3,1.0,0.324,1.8,2.3,0.786,7.5,1.4,0.5,0.5,1.3,12.5,2
Mitchell Robinson,robinmi01,2026,NYK,C,27.0,60,16.0,19.6,2.5,3.4,0.723,0.0,0.0,,0.7,1.7,0.408,8.8,0.9,0.9,1.2,0.7,5.7,2
Moussa Cisse,cissemo01,2026,DAL,C,23.0,38,1.0,13.9,1.7,3.0,0.574,0.0,0.0,,1.0,2.1,0.469,5.7,0.2,0.5,1.2,0.8,4.5,2
Moussa Diabaté,diabamo01,2026,CHO,C,24.0,73,47.0,26.0,3.1,5.0,0.631,0.0,0.0,0.5,1.6,2.4,0.659,8.7,1.9,0.8,1.0,1.0,7.9,2
Neemias Queta,quetane01,2026,BOS,C,26.0,76,75.0,25.3,4.3,6.6,0.653,0.0,0.1,0.125,1.6,2.3,0.703,8.4,1.7,0.8,1.3,1.0,10.2,2
Nic Claxton,claxtni01,2026,BRK,C,26.0,69,68.0,27.8,4.8,8.4,0.571,0.0,0.3,0.158,2.0,3.3,0.616,6.9,3.7,0.7,1.1,1.4,11.7,2
Nick Richards,richani01,2026,2TM,C,28.0,48,6.0,14.6,2.1,4.2,0.512,0.1,0.4,0.278,1.4,2.1,0.644,5.1,0.3,0.2,0.7,1.2,5.8,2
Oscar Tshiebwe,tshieos01,2026,UTA,C,26.0,27,6.0,16.6,3.4,5.4,0.634,0.0,0.0,,1.0,1.8,0.551,6.6,1.2,0.6,0.2,0.8,7.8,2
Oso Ighodaro,ighodos01,2026,PHO,PF,23.0,82,24.0,22.0,2.9,4.5,0.653,0.0,0.0,0.0,0.6,1.4,0.453,5.1,2.3,0.9,0.7,1.2,6.5,2
P.J. Washington,washipj01,2026,DAL,PF,27.0,56,53.0,31.0,5.3,11.8,0.45,1.4,4.2,0.325,2.2,3.3,0.687,7.0,1.8,1.0,1.1,1.7,14.2,2
Paul Reed,reedpa01,2026,DET,C,26.0,65,11.0,13.9,3.2,5.2,0.617,0.2,0.6,0.325,1.1,1.7,0.664,4.5,1.2,0.9,0.9,0.9,7.8,2
Precious Achiuwa,achiupr01,2026,SAC,C,26.0,73,57.0,23.9,4.3,8.2,0.528,0.4,1.3,0.278,1.1,1.9,0.554,6.7,1.4,0.9,0.7,0.9,10.1,2
Robert Williams,williro04,2026,POR,C,28.0,59,1.0,17.1,3.0,4.2,0.708,0.2,0.4,0.391,0.6,1.0,0.596,7.0,1.0,0.6,1.5,0.8,6.7,2
Rudy Gobert,goberru01,2026,MIN,C,33.0,76,76.0,31.3,4.4,6.5,0.682,0.0,0.1,0.0,2.1,4.0,0.526,11.5,1.7,0.8,1.6,1.4,10.9,2
Ryan Kalkbrenner,kalkbry01,2026,CHO,C,24.0,69,31.0,21.4,3.2,4.2,0.753,0.0,0.1,0.0,1.2,1.7,0.716,5.5,0.8,0.5,1.5,0.9,7.6,2
Steven Adams,adamsst01,2026,HOU,C,32.0,32,11.0,22.8,2.2,4.3,0.504,0.0,0.0,,1.5,2.5,0.58,8.6,1.5,0.7,0.6,1.1,5.8,2
Walker Kessler,kesslwa01,2026,UTA,C,24.0,5,5.0,30.8,5.2,7.4,0.703,1.2,1.6,0.75,2.8,4.0,0.7,10.8,3.0,1.4,1.8,3.2,14.4,2
Wendell Carter Jr.,cartewe01,2026,ORL,C,26.0,78,78.0,29.3,4.2,8.2,0.512,0.9,2.9,0.319,2.5,3.2,0.792,7.4,2.0,0.8,0.6,1.3,11.8,2
Yves Missi,missiyv01,2026,NOP,C,21.0,66,14.0,19.7,2.4,4.5,0.544,0.0,0.0,0.0,0.9,1.5,0.559,5.8,1.3,0.3,1.5,0.8,5.7,2
Zach Collins,colliza01,2026,CHI,C,28.0,10,0.0,18.4,3.7,6.4,0.578,0.9,2.1,0.429,1.4,2.0,0.7,5.6,1.5,0.2,0.4,1.0,9.7,2
Zach Edey,edeyza01,2026,MEM,C,23.0,11,11.0,25.8,5.6,8.9,0.633,0.1,0.5,0.2,2.3,2.9,0.781,11.1,1.1,0.6,1.9,2.4,13.6,2
Alperen Şengün,sengual01,2026,HOU,C,23.0,72,72.0,33.3,8.1,15.6,0.519,0.6,1.8,0.305,3.6,5.2,0.691,8.9,6.2,1.2,1.1,3.2,20.4,3
Amen Thompson,thompam01,2026,HOU,PG,23.0,79,79.0,37.4,7.1,13.2,0.534,0.3,1.5,0.216,3.8,4.9,0.779,7.8,5.3,1.5,0.6,2.4,18.3,3
Andrew Nembhard,nembhan01,2026,IND,PG,26.0,57,57.0,31.3,5.8,13.2,0.442,1.9,5.2,0.361,3.4,4.1,0.825,2.8,7.7,0.9,0.1,2.4,16.9,3
Anthony Black,blackan01,2026,ORL,PG,22.0,64,40.0,29.8,5.4,12.1,0.447,1.6,4.7,0.333,2.6,3.6,0.732,3.8,3.7,1.4,0.7,2.1,15.0,3
Anthony Edwards,edwaran01,2026,MIN,SG,24.0,61,60.0,35.0,9.9,20.2,0.489,3.4,8.4,0.399,5.7,7.2,0.796,5.0,3.7,1.4,0.8,2.9,28.8,3
Austin Reaves,reaveau01,2026,LAL,SG,27.0,51,45.0,34.5,7.3,14.9,0.49,2.3,6.4,0.36,6.3,7.3,0.871,4.7,5.5,1.1,0.4,3.0,23.3,3
Bam Adebayo,adebaba01,2026,MIA,C,28.0,73,73.0,32.4,6.9,15.7,0.442,1.7,5.5,0.318,4.5,5.8,0.778,10.0,3.2,1.2,0.7,1.6,20.1,3
Bennedict Mathurin,mathube01,2026,2TM,SF,23.0,54,25.0,30.0,5.4,12.5,0.43,1.4,4.4,0.315,5.4,6.2,0.869,5.4,2.4,0.8,0.2,2.2,17.6,3
Brandon Ingram,ingrabr01,2026,TOR,SF,28.0,77,77.0,33.8,8.0,16.7,0.477,1.8,4.6,0.382,3.8,4.6,0.82,5.6,3.7,0.8,0.7,2.4,21.5,3
Brandon Miller,millebr02,2026,CHO,SF,23.0,65,65.0,30.3,7.0,16.1,0.435,3.1,8.2,0.383,3.1,3.4,0.892,4.9,3.3,1.0,0.7,2.5,20.2,3
CJ McCollum,mccolcj01,2026,2TM,PG,34.0,76,60.0,29.8,6.9,15.2,0.455,2.5,6.7,0.375,2.4,3.1,0.772,3.3,3.9,0.8,0.5,1.8,18.7,3
Cade Cunningham,cunnica01,2026,DET,PG,24.0,64,64.0,33.9,8.6,18.6,0.461,2.0,5.7,0.342,4.8,6.0,0.812,5.5,9.9,1.4,0.8,3.7,23.9,3
Coby White,whiteco01,2026,2TM,SG,25.0,50,26.0,25.0,5.6,12.5,0.446,2.3,6.4,0.362,3.9,4.8,0.817,3.4,4.0,0.5,0.1,2.6,17.4,3
Cooper Flagg,flaggco01,2026,DAL,SF,19.0,70,70.0,33.5,8.0,17.1,0.468,1.0,3.5,0.295,4.0,4.9,0.827,6.7,4.5,1.2,0.9,2.3,21.0,3
Darius Garland,garlada01,2026,2TM,PG,26.0,45,43.0,29.9,6.9,14.9,0.46,2.7,6.8,0.396,2.3,2.7,0.861,2.4,6.7,1.0,0.2,2.9,18.8,3
De'Aaron Fox,foxde01,2026,SAS,PG,28.0,72,72.0,31.0,7.1,14.5,0.486,1.8,5.5,0.332,2.6,3.4,0.76,3.8,6.2,1.2,0.3,2.3,18.6,3
DeMar DeRozan,derozde01,2026,SAC,PF,36.0,77,77.0,31.2,6.5,13.1,0.497,0.6,1.9,0.32,4.9,5.6,0.868,2.9,4.1,1.0,0.3,1.2,18.4,3
Dejounte Murray,murrade01,2026,NOP,PG,29.0,14,14.0,27.8,6.3,13.0,0.484,1.4,4.4,0.306,2.8,3.2,0.867,5.4,6.4,1.6,0.2,3.4,16.7,3
Deni Avdija,avdijde01,2026,POR,SF,25.0,66,66.0,33.3,7.5,16.1,0.462,1.9,6.0,0.318,7.4,9.2,0.802,6.9,6.7,0.8,0.6,3.8,24.2,3
Derrick White,whitede01,2026,BOS,SG,31.0,77,77.0,34.1,5.7,14.4,0.394,2.7,8.3,0.327,2.4,2.6,0.902,4.4,5.4,1.1,1.3,1.7,16.5,3
Desmond Bane,banede01,2026,ORL,SG,27.0,82,82.0,33.6,7.1,14.7,0.484,2.0,5.2,0.391,3.8,4.2,0.908,4.1,4.1,1.0,0.5,2.0,20.1,3
Devin Booker,bookede01,2026,PHO,SG,29.0,64,64.0,33.5,8.5,18.7,0.456,1.9,5.8,0.33,7.1,8.1,0.873,3.9,6.0,0.8,0.3,3.1,26.1,3
Dillon Brooks,brookdi01,2026,PHO,SF,30.0,56,56.0,30.4,7.4,17.1,0.435,2.3,6.6,0.344,3.0,3.6,0.842,3.6,1.8,1.0,0.2,1.8,20.2,3
Donovan Mitchell,mitchdo01,2026,CLE,SG,29.0,70,70.0,33.5,9.7,20.0,0.483,3.2,8.8,0.364,5.3,6.1,0.865,4.5,5.7,1.5,0.3,2.8,27.9,3
Franz Wagner,wagnefr01,2026,ORL,SF,24.0,34,32.0,30.0,7.2,14.9,0.481,1.4,4.1,0.345,4.8,5.8,0.823,5.2,3.3,0.9,0.3,1.7,20.6,3
Giannis Antetokounmpo,antetgi01,2026,MIL,PF,31.0,36,36.0,28.9,10.4,16.6,0.624,0.4,1.3,0.333,6.4,9.9,0.65,9.8,5.4,0.9,0.7,3.2,27.6,3
Grayson Allen,allengr01,2026,PHO,SG,30.0,51,27.0,28.8,5.3,13.1,0.403,3.1,8.9,0.349,2.8,3.3,0.857,3.0,3.8,1.4,0.3,1.6,16.5,3
Immanuel Quickley,quickim01,2026,TOR,PG,26.0,70,70.0,31.9,5.7,12.9,0.443,2.5,6.8,0.374,2.4,3.0,0.821,4.0,5.9,1.3,0.1,1.5,16.4,3
Ja Morant,moranja01,2026,MEM,PG,26.0,20,20.0,28.5,6.6,16.1,0.41,1.0,4.3,0.235,5.3,5.9,0.897,3.3,8.1,1.0,0.3,3.6,19.5,3
Jalen Brunson,brunsja01,2026,NYK,PG,29.0,74,74.0,35.0,9.3,19.9,0.467,2.6,7.1,0.369,4.8,5.7,0.841,3.3,6.8,0.8,0.1,2.4,26.0,3
Jalen Green,greenja05,2026,PHO,SG,23.0,32,27.0,25.9,6.8,16.0,0.422,2.2,7.1,0.313,2.0,2.7,0.747,3.6,2.8,1.1,0.3,2.3,17.8,3
Jalen Johnson,johnsja05,2026,ATL,SF,24.0,72,72.0,35.2,8.3,17.1,0.489,1.7,4.7,0.352,4.2,5.3,0.788,10.3,7.9,1.2,0.4,3.4,22.5,3
Jalen Suggs,suggsja01,2026,ORL,PG,24.0,57,56.0,27.6,4.9,11.4,0.435,2.1,6.3,0.339,1.8,2.1,0.855,3.9,5.5,1.8,0.7,2.7,13.8,3
Jalen Williams,willija06,2026,OKC,SG,24.0,33,33.0,28.4,6.5,13.5,0.484,0.7,2.3,0.299,3.3,3.9,0.837,4.6,5.5,1.2,0.3,1.9,17.1,3
Jamal Murray,murraja01,2026,DEN,PG,28.0,75,75.0,35.4,8.8,18.1,0.483,3.3,7.5,0.435,4.6,5.2,0.887,4.4,7.1,0.9,0.4,2.3,25.4,3
James Harden,hardeja01,2026,2TM,PG,36.0,70,70.0,34.8,7.0,16.0,0.434,3.1,8.2,0.375,6.6,7.5,0.884,4.8,8.0,1.1,0.4,3.5,23.6,3
Jaren Jackson Jr.,jacksja02,2026,2TM,C,26.0,48,48.0,30.3,7.1,15.0,0.476,1.8,4.9,0.357,3.4,4.2,0.803,5.7,2.0,1.1,1.4,2.2,19.4,3
Jaylen Brown,brownja02,2026,BOS,SF,29.0,71,71.0,34.4,10.4,21.7,0.477,2.0,5.7,0.347,6.0,7.5,0.795,6.9,5.1,1.0,0.4,3.6,28.7,3
Jayson Tatum,tatumja01,2026,BOS,PF,27.0,16,16.0,32.6,7.4,17.9,0.411,2.9,8.9,0.329,4.1,4.9,0.823,10.0,5.3,1.4,0.2,2.4,21.8,3
Jerami Grant,grantje01,2026,POR,PF,31.0,57,38.0,29.7,5.8,12.8,0.453,2.4,6.1,0.389,4.6,5.6,0.814,3.5,2.1,0.7,0.6,2.1,18.6,3
Jimmy Butler,butleji01,2026,GSW,SF,36.0,38,38.0,31.1,6.3,12.2,0.519,0.8,2.2,0.376,6.5,7.6,0.864,5.6,4.9,1.4,0.2,1.6,20.0,3
Joel Embiid,embiijo01,2026,PHI,C,31.0,38,38.0,31.6,9.0,18.3,0.489,1.4,4.2,0.333,7.5,8.8,0.854,7.7,3.9,0.6,1.2,2.9,26.9,3
Josh Giddey,giddejo01,2026,CHI,PG,23.0,54,51.0,32.1,5.9,13.3,0.448,1.9,5.2,0.364,3.2,4.2,0.763,8.3,9.1,1.0,0.5,3.6,17.0,3
Jrue Holiday,holidjr01,2026,POR,PG,35.0,53,51.0,29.4,6.0,13.4,0.451,2.6,6.8,0.378,1.7,2.0,0.838,4.6,6.1,1.0,0.1,2.8,16.3,3
Julius Randle,randlju01,2026,MIN,PF,31.0,79,79.0,33.0,7.3,15.3,0.481,1.4,4.4,0.315,5.0,6.3,0.802,6.7,5.0,1.1,0.2,2.7,21.1,3
Karl-Anthony Towns,townska01,2026,NYK,C,30.0,75,75.0,31.0,6.9,13.8,0.501,1.5,4.1,0.368,4.8,5.5,0.858,11.9,3.0,0.9,0.5,2.5,20.1,3
Kawhi Leonard,leonaka01,2026,LAC,SF,34.0,65,65.0,32.1,9.8,19.4,0.505,2.6,6.8,0.387,5.7,6.4,0.892,6.4,3.6,1.9,0.4,2.0,27.9,3
Kennedy Chandler,chandke01,2026,UTA,PG,23.0,11,2.0,32.3,5.5,12.5,0.445,1.4,3.5,0.395,2.5,3.9,0.651,3.4,6.7,1.0,0.2,2.1,15.0,3
Kevin Durant,duranke01,2026,HOU,SF,37.0,78,78.0,36.4,9.2,17.6,0.52,2.4,5.8,0.413,5.2,6.0,0.874,5.5,4.8,0.8,0.9,3.2,26.0,3
Kevin Porter Jr.,porteke02,2026,MIL,PG,25.0,38,36.0,33.2,6.3,13.5,0.465,1.2,3.8,0.322,3.6,4.1,0.878,5.2,7.4,2.2,0.5,2.9,17.4,3
Keyonte George,georgke01,2026,UTA,PG,22.0,54,54.0,33.1,7.4,16.3,0.456,2.5,6.7,0.371,6.2,7.0,0.892,3.7,6.1,1.1,0.3,3.1,23.6,3
Kon Knueppel,knuepko01,2026,CHO,SF,20.0,81,80.0,31.5,6.4,13.4,0.475,3.4,7.9,0.425,2.4,2.8,0.863,5.3,3.4,0.7,0.2,2.0,18.5,3
Kristaps Porziņģis,porzikr01,2026,2TM,C,30.0,32,23.0,24.0,5.4,12.1,0.446,1.7,5.0,0.338,4.2,4.9,0.842,5.2,2.5,0.6,1.2,1.3,16.7,3
Kyshawn George,georgky01,2026,WAS,SF,22.0,48,48.0,29.0,5.3,12.0,0.438,2.1,5.4,0.381,2.2,2.7,0.802,5.1,4.5,1.0,0.9,2.6,14.8,3
LaMelo Ball,ballla01,2026,CHO,PG,24.0,72,69.0,28.0,7.0,17.3,0.407,3.8,10.3,0.368,2.2,2.5,0.899,4.8,7.1,1.2,0.2,2.8,20.1,3
Lauri Markkanen,markkla01,2026,UTA,PF,28.0,42,42.0,34.4,9.1,19.2,0.477,2.7,7.7,0.355,5.7,6.4,0.896,6.9,2.1,1.0,0.5,1.5,26.7,3
LeBron James,jamesle01,2026,LAL,SF,41.0,60,60.0,33.2,7.9,15.3,0.515,1.3,4.1,0.317,3.9,5.3,0.737,6.1,7.2,1.2,0.6,3.0,20.9,3
Luka Dončić,doncilu01,2026,LAL,PG,26.0,64,64.0,35.8,10.8,22.8,0.476,4.0,10.8,0.366,7.9,10.1,0.78,7.7,8.3,1.6,0.5,4.0,33.5,3
Matas Buzelis,buzelma01,2026,CHI,PF,21.0,77,77.0,29.2,5.8,12.5,0.463,2.2,6.4,0.349,2.4,3.1,0.786,5.8,2.1,0.7,1.5,2.1,16.3,3
Michael Porter Jr.,portemi01,2026,BRK,SF,27.0,52,52.0,32.5,8.5,18.4,0.463,3.4,9.3,0.363,3.8,4.4,0.859,7.1,3.0,1.1,0.3,2.3,24.2,3
Miles Bridges,bridgmi02,2026,CHO,PF,27.0,77,77.0,31.0,6.2,13.5,0.46,1.9,5.8,0.333,2.7,3.3,0.822,5.8,3.2,0.6,0.4,1.4,17.1,3
Nickeil Alexander-Walker,alexani01,2026,ATL,SG,27.0,78,71.0,33.4,7.0,15.3,0.459,3.2,8.1,0.399,3.6,3.9,0.902,3.4,3.7,1.3,0.5,2.1,20.8,3
Nikola Jokić,jokicni01,2026,DEN,C,30.0,65,65.0,34.8,9.9,17.4,0.569,1.7,4.5,0.38,6.1,7.4,0.831,12.9,10.7,1.4,0.8,3.7,27.7,3
Norman Powell,powelno01,2026,MIA,SG,32.0,58,52.0,29.6,7.3,15.4,0.47,2.7,7.1,0.38,4.5,5.5,0.827,3.5,2.5,1.1,0.2,1.9,21.7,3
OG Anunoby,anunoog01,2026,NYK,PF,28.0,67,67.0,33.2,5.8,12.0,0.484,2.3,6.1,0.386,2.7,3.3,0.828,5.2,2.2,1.6,0.7,1.8,16.7,3
Onyeka Okongwu,okongon01,2026,ATL,C,25.0,74,63.0,31.0,5.6,11.6,0.48,1.9,5.2,0.376,2.1,2.7,0.757,7.6,3.1,1.1,1.1,1.7,15.2,3
Paolo Banchero,banchpa01,2026,ORL,PF,23.0,72,72.0,34.8,7.3,16.0,0.459,1.2,3.8,0.305,6.3,8.2,0.775,8.4,5.2,0.7,0.6,3.1,22.2,3
Pascal Siakam,siakapa01,2026,IND,PF,31.0,62,62.0,33.2,9.0,18.6,0.484,1.7,4.7,0.358,4.2,6.1,0.693,6.6,3.8,1.1,0.4,2.2,24.0,3
Paul George,georgpa01,2026,PHI,PF,35.0,37,37.0,30.7,6.1,13.9,0.439,2.7,6.9,0.392,2.5,3.0,0.82,5.3,3.6,1.7,0.4,1.7,17.3,3
RJ Barrett,barrerj01,2026,TOR,SF,25.0,57,57.0,30.3,7.0,14.3,0.491,1.7,5.0,0.339,3.5,4.9,0.717,5.3,3.3,0.7,0.3,1.7,19.3,3
Russell Westbrook,westbru01,2026,SAC,SF,37.0,64,58.0,29.0,5.6,13.1,0.427,2.0,5.9,0.338,2.0,2.9,0.694,5.4,6.7,1.3,0.2,3.3,15.2,3
Ryan Rollins,rolliry01,2026,MIL,PG,23.0,74,67.0,32.1,6.6,13.9,0.472,2.5,6.1,0.406,1.7,2.1,0.796,4.6,5.6,1.5,0.4,2.7,17.3,3
Saddiq Bey,beysa01,2026,NOP,SF,26.0,72,64.0,31.2,6.1,13.4,0.451,2.1,5.7,0.367,3.4,4.1,0.841,5.6,2.5,0.9,0.1,0.9,17.7,3
Scottie Barnes,barnesc01,2026,TOR,PF,24.0,80,80.0,33.5,7.1,14.0,0.507,0.9,2.8,0.304,3.0,3.7,0.815,7.5,5.9,1.4,1.5,2.6,18.1,3
Shaedon Sharpe,sharpsh01,2026,POR,SG,22.0,50,42.0,29.4,7.8,17.4,0.452,2.1,6.1,0.337,3.1,3.9,0.787,4.3,2.6,1.4,0.1,2.9,20.8,3
Shai Gilgeous-Alexander,gilgesh01,2026,OKC,PG,27.0,68,68.0,33.2,10.8,19.4,0.553,1.7,4.4,0.386,7.9,9.0,0.879,4.3,6.6,1.4,0.8,2.2,31.1,3
Stephen Curry,curryst01,2026,GSW,PG,37.0,43,41.0,30.9,8.7,18.6,0.468,4.4,11.3,0.393,4.7,5.1,0.923,3.6,4.7,1.1,0.4,2.8,26.6,3
Stephon Castle,castlst01,2026,SAS,PG,21.0,68,67.0,30.0,5.7,12.0,0.471,1.2,3.6,0.332,4.1,5.6,0.734,5.3,7.4,1.1,0.3,3.2,16.7,3
Trae Young,youngtr01,2026,2TM,PG,27.0,15,15.0,25.6,5.4,11.8,0.458,1.8,5.3,0.338,5.3,6.5,0.825,2.0,8.0,0.9,0.1,2.6,17.9,3
Trey Murphy III,murphtr02,2026,NOP,SF,25.0,66,66.0,35.5,7.5,15.9,0.47,3.2,8.6,0.379,3.3,3.7,0.886,5.7,3.8,1.5,0.4,1.8,21.5,3
Ty Jerome,jeromty01,2026,MEM,SG,28.0,15,15.0,22.6,6.8,14.3,0.474,2.8,6.7,0.42,3.3,3.7,0.875,2.8,5.7,1.1,0.3,1.8,19.7,3
Tyler Herro,herroty01,2026,MIA,SG,26.0,33,28.0,31.3,7.5,15.6,0.48,2.5,6.7,0.378,3.0,3.3,0.917,4.8,4.1,0.7,0.4,1.9,20.5,3
Tyrese Maxey,maxeyty01,2026,PHI,PG,25.0,70,70.0,38.0,9.9,21.4,0.462,3.1,8.6,0.367,5.3,6.0,0.892,4.1,6.6,1.9,0.8,2.4,28.3,3
VJ Edgecombe,edgecvj01,2026,PHI,SG,20.0,75,75.0,35.0,6.0,13.7,0.438,2.0,5.6,0.354,2.0,2.4,0.818,5.6,4.2,1.4,0.5,1.8,16.0,3
Victor Wembanyama,wembavi01,2026,SAS,C,22.0,64,55.0,29.2,8.6,16.9,0.512,1.9,5.5,0.349,5.8,7.0,0.827,11.5,3.1,1.0,3.1,2.4,25.0,3
Zach LaVine,lavinza01,2026,SAC,SG,30.0,39,37.0,31.4,6.7,14.0,0.479,2.5,6.5,0.39,3.2,3.6,0.88,2.8,2.3,0.7,0.3,1.9,19.2,3
Zion Williamson,willizi01,2026,NOP,PF,25.0,62,55.0,29.7,7.8,13.0,0.6,0.0,0.1,0.25,5.4,7.5,0.716,5.7,3.2,1.0,0.5,2.0,21.0,3
