cluster,player,team,pos,pts_per_game,trb_per_game,ast_per_game,distancia_centroide
0,Jabari Walker,PHI,PF,4.3,3.0,0.5,0.7631578813157434
0,Keshad Johnson,MIA,SF,4.3,1.9,0.3,0.8314950792789573
0,Dalton Knecht,LAL,SF,4.2,1.4,0.4,0.8386347384599195
0,Jeremy Sochan,2TM,PF,3.6,2.4,0.9,0.864104108844301
0,Carter Bryant,SAS,PF,4.2,2.5,0.7,0.8717195161354229
1,Aaron Wiggins,OKC,SG,9.4,3.1,1.7,0.8492522798192514
1,Kevin Huerter,2TM,SF,10.0,3.5,2.6,0.9122107892361311
1,Tristan Da Silva,ORL,SF,9.9,3.7,1.6,1.0241103916292622
1,Gui Santos,GSW,PF,9.2,3.9,2.3,1.1428853201146145
1,Harrison Barnes,SAS,PF,9.9,2.8,1.9,1.1651739808943233
2,Collin Murray-Boyles,TOR,PF,8.5,5.0,1.9,1.210018113234189
2,Daniel Gafford,DAL,C,9.5,6.9,1.1,1.4115834170500536
2,Precious Achiuwa,SAC,C,10.1,6.7,1.4,1.5797374397472301
2,Jakob Poeltl,TOR,C,10.7,7.0,2.0,1.670116313025426
2,Deandre Ayton,LAL,C,12.5,8.0,0.8,1.7104071539765136
3,Desmond Bane,ORL,SG,20.1,4.1,4.1,1.3798848989491288
3,Brandon Ingram,TOR,SF,21.5,5.6,3.7,1.441324413948976
3,Julius Randle,MIN,PF,21.1,6.7,5.0,1.783245135459848
3,De'Aaron Fox,SAS,PG,18.6,3.8,6.2,1.9795370979670106
3,Franz Wagner,ORL,SF,20.6,5.2,3.3,2.0016506350800514
